objectId,WingType,Model,ACL,updatedAt,Manufacturer,IATACode,ICAOCode,Aircraft_Manufacturer,Type,createdAt
KKQogNDTkt,Fixed Wing,Airbus A350-1000,null,Tue Jan 28 2020 20:18:19 GMT-0500 (GMT-05:00),Airbus,351,A35K,3U16JN6hEf,Airplane,Tue Jan 28 2020 17:36:37 GMT-0500 (GMT-05:00)
DzAJRumklj,Fixed Wing,Antonov AN-124 Ruslan,null,Tue Jan 28 2020 20:19:31 GMT-0500 (GMT-05:00),Antonov,A4F,A124,28oWZ0CudV,Airplane,Tue Jan 28 2020 17:36:37 GMT-0500 (GMT-05:00)
6j8sk9NKZG,Fixed Wing,Airbus A330-900neo,null,Tue Jan 28 2020 20:18:20 GMT-0500 (GMT-05:00),Airbus,339,A339,3U16JN6hEf,Airplane,Tue Jan 28 2020 17:36:37 GMT-0500 (GMT-05:00)
I6JZsb2N6V,Fixed Wing,Airbus A320neo,null,Tue Jan 28 2020 20:18:17 GMT-0500 (GMT-05:00),Airbus,32N,A20N,3U16JN6hEf,Airplane,Tue Jan 28 2020 17:36:37 GMT-0500 (GMT-05:00)
ioeTdDRqUt,Rotary Wing,Bell 212,null,Tue Jan 28 2020 20:21:33 GMT-0500 (GMT-05:00),Bell,BH2,B212,FPFiZW5aZC,Helicopter,Tue Jan 28 2020 17:36:37 GMT-0500 (GMT-05:00)
NAWOZcAAov,Fixed Wing,Airbus A330-300,null,Tue Jan 28 2020 20:18:21 GMT-0500 (GMT-05:00),Airbus,333,A333,3U16JN6hEf,Airplane,Tue Jan 28 2020 17:36:37 GMT-0500 (GMT-05:00)
5J3qv1az8V,Fixed Wing,Boeing 737-400,null,Tue Jan 28 2020 20:21:57 GMT-0500 (GMT-05:00),Boeing,734,B734,JpqipcQe8h,Airplane,Tue Jan 28 2020 17:36:37 GMT-0500 (GMT-05:00)
GXRE1d4nwH,Fixed Wing,Airbus A310-200,null,Tue Jan 28 2020 20:18:24 GMT-0500 (GMT-05:00),Airbus,312,A310,3U16JN6hEf,Airplane,Tue Jan 28 2020 17:36:37 GMT-0500 (GMT-05:00)
QOE4U04uKG,Fixed Wing,Boeing 737-600,null,Tue Jan 28 2020 20:21:56 GMT-0500 (GMT-05:00),Boeing,736,B736,JpqipcQe8h,Airplane,Tue Jan 28 2020 17:36:37 GMT-0500 (GMT-05:00)
domj4hLnGY,Fixed Wing,Aerospatiale/Alenia ATR 72,null,Tue Jan 28 2020 20:17:47 GMT-0500 (GMT-05:00),Aerospatiale,AT7,AT72,QwthjRtAzQ,Airplane,Tue Jan 28 2020 17:36:37 GMT-0500 (GMT-05:00)
2LrpHHQAwI,Fixed Wing,"8KCAB Decathlon, 8GCBC Scout",null,Tue Jan 28 2020 20:17:35 GMT-0500 (GMT-05:00),Aeroprakt,N/A,BL8,9Pg7saxo4m,Airplane,Tue Jan 28 2020 17:36:37 GMT-0500 (GMT-05:00)
HxYZDxv19I,Fixed Wing,Aerospatiale/Alenia ATR 42-500,null,Tue Jan 28 2020 20:17:50 GMT-0500 (GMT-05:00),Aerospatiale,AT5,AT45,QwthjRtAzQ,Airplane,Tue Jan 28 2020 17:36:37 GMT-0500 (GMT-05:00)
ZnOHQeHhro,Fixed Wing,BAe 146-300,null,Tue Jan 28 2020 20:24:48 GMT-0500 (GMT-05:00),British Aerospace,143,B463,MxhGOYq83B,Airplane,Tue Jan 28 2020 17:36:37 GMT-0500 (GMT-05:00)
RZOdhHBlq6,Fixed Wing,Aquila A 210,null,Tue Jan 28 2020 20:20:02 GMT-0500 (GMT-05:00),Aquila,N/A,A210,wU2qYA6unf,Airplane,Tue Jan 28 2020 17:36:37 GMT-0500 (GMT-05:00)
SgDzjFHcDl,Fixed Wing,Antonov AN-32,null,Tue Jan 28 2020 20:19:42 GMT-0500 (GMT-05:00),Antonov,A32,AN32,28oWZ0CudV,Airplane,Tue Jan 28 2020 17:36:37 GMT-0500 (GMT-05:00)
Zil91trnxt,Fixed Wing,"Airbus A330-700 ""Beluga XL""",null,Tue Jan 28 2020 20:18:26 GMT-0500 (GMT-05:00),Airbus,,A337,3U16JN6hEf,Airplane,Tue Jan 28 2020 17:36:37 GMT-0500 (GMT-05:00)
Qt0IDixA05,Fixed Wing,Avro RJ70,null,Tue Jan 28 2020 20:20:35 GMT-0500 (GMT-05:00),Avro International Aerospace,AR7,RJ70,EZLIJ3KIeJ,Airplane,Tue Jan 28 2020 17:36:37 GMT-0500 (GMT-05:00)
MxOo25kjUH,Fixed Wing,Airbus A220-300,null,Tue Jan 28 2020 20:18:31 GMT-0500 (GMT-05:00),Airbus,223,BCS3,3U16JN6hEf,Airplane,Tue Jan 28 2020 17:36:37 GMT-0500 (GMT-05:00)
p0ckjO9L3i,Fixed Wing,Aerospatiale (Sud Aviation) Se.210 Caravelle,null,Tue Jan 28 2020 20:17:52 GMT-0500 (GMT-05:00),Aerospatiale,CRV,S210,QwthjRtAzQ,Airplane,Tue Jan 28 2020 17:36:37 GMT-0500 (GMT-05:00)
UHP6EKESTe,Fixed Wing,Airbus A318 (sharklets),null,Tue Jan 28 2020 20:18:28 GMT-0500 (GMT-05:00),Airbus,32C,A318,3U16JN6hEf,Airplane,Tue Jan 28 2020 17:36:37 GMT-0500 (GMT-05:00)
yBQyRqY1Dd,Fixed Wing,Antonov An-158,null,Tue Jan 28 2020 20:19:43 GMT-0500 (GMT-05:00),Antonov,A58,A158,28oWZ0CudV,Airplane,Tue Jan 28 2020 17:36:37 GMT-0500 (GMT-05:00)
53Q1snt0O2,Fixed Wing,Aerospatiale/Alenia ATR 72-600,null,Tue Jan 28 2020 20:17:54 GMT-0500 (GMT-05:00),Aerospatiale,ATR,AT76,QwthjRtAzQ,Airplane,Tue Jan 28 2020 17:36:37 GMT-0500 (GMT-05:00)
eqvYxn4t9E,Fixed Wing,Airbus A321,null,Tue Jan 28 2020 20:18:32 GMT-0500 (GMT-05:00),Airbus,321,A321,3U16JN6hEf,Airplane,Tue Jan 28 2020 17:36:37 GMT-0500 (GMT-05:00)
LWWF8FA1Sp,Fixed Wing,Aerospatiale/Alenia ATR 72-200 series,null,Tue Jan 28 2020 20:17:53 GMT-0500 (GMT-05:00),Aerospatiale,ATR,AT73,QwthjRtAzQ,Airplane,Tue Jan 28 2020 17:36:37 GMT-0500 (GMT-05:00)
d67ny0LuFQ,Fixed Wing,Airbus A340-600,null,Tue Jan 28 2020 20:18:33 GMT-0500 (GMT-05:00),Airbus,346,A346,3U16JN6hEf,Airplane,Tue Jan 28 2020 17:36:37 GMT-0500 (GMT-05:00)
OOqPkgch0i,Fixed Wing,"Airbus A300-600ST ""Super Transporter"" / ""Beluga""",null,Tue Jan 28 2020 20:18:34 GMT-0500 (GMT-05:00),Airbus,ABB,A3ST,3U16JN6hEf,Airplane,Tue Jan 28 2020 17:36:37 GMT-0500 (GMT-05:00)
NEhzRsdEH2,Fixed Wing,Airbus A310-300,null,Tue Jan 28 2020 20:18:35 GMT-0500 (GMT-05:00),Airbus,313,A310,3U16JN6hEf,Airplane,Tue Jan 28 2020 17:36:37 GMT-0500 (GMT-05:00)
dFCeCK7F5Z,Fixed Wing,Airbus A320 (sharklets),null,Tue Jan 28 2020 20:18:37 GMT-0500 (GMT-05:00),Airbus,32A,A320,3U16JN6hEf,Airplane,Tue Jan 28 2020 17:36:37 GMT-0500 (GMT-05:00)
6yR5gAi7PX,Fixed Wing,Airbus A319 (sharklets),null,Tue Jan 28 2020 20:18:40 GMT-0500 (GMT-05:00),Airbus,32D,A319,3U16JN6hEf,Airplane,Tue Jan 28 2020 17:36:37 GMT-0500 (GMT-05:00)
fAIluH4uOZ,Fixed Wing,Airbus A330 (deprecated 1997: code replaced),null,Tue Jan 28 2020 20:18:41 GMT-0500 (GMT-05:00),Airbus,,EA33,3U16JN6hEf,Airplane,Tue Jan 28 2020 17:36:37 GMT-0500 (GMT-05:00)
a9hrH3I6xl,Fixed Wing,Beriev Be-200 Altair,null,Tue Jan 28 2020 20:21:48 GMT-0500 (GMT-05:00),Beriev Aircraft Company,N/A,BER2,Nj6EjCb8TF,Airplane,Tue Jan 28 2020 17:36:37 GMT-0500 (GMT-05:00)
gElTEJvMAI,Fixed Wing,Boeing 727-100,null,Tue Jan 28 2020 20:21:58 GMT-0500 (GMT-05:00),Boeing,721,B721,JpqipcQe8h,Airplane,Tue Jan 28 2020 17:36:37 GMT-0500 (GMT-05:00)
XvMpGSCDGd,Fixed Wing,Airbus A330-800neo,null,Tue Jan 28 2020 20:18:42 GMT-0500 (GMT-05:00),Airbus,338,A338,3U16JN6hEf,Airplane,Tue Jan 28 2020 17:36:37 GMT-0500 (GMT-05:00)
J3vdxg6UrL,Fixed Wing,Airbus A340-300,null,Tue Jan 28 2020 20:18:43 GMT-0500 (GMT-05:00),Airbus,343,A343,3U16JN6hEf,Airplane,Tue Jan 28 2020 17:36:37 GMT-0500 (GMT-05:00)
EqKoYHwhwW,Fixed Wing,Airbus A380-800,null,Tue Jan 28 2020 20:18:44 GMT-0500 (GMT-05:00),Airbus,388,A388,3U16JN6hEf,Airplane,Tue Jan 28 2020 17:36:37 GMT-0500 (GMT-05:00)
HcjQ7U0Sh3,Fixed Wing,Antonov An-148,null,Tue Jan 28 2020 20:19:43 GMT-0500 (GMT-05:00),Antonov,A81,A148,28oWZ0CudV,Airplane,Tue Jan 28 2020 17:36:37 GMT-0500 (GMT-05:00)
QiXrA2JGpT,Fixed Wing,Antonov AN-26,null,Tue Jan 28 2020 20:19:44 GMT-0500 (GMT-05:00),Antonov,A26,AN26,28oWZ0CudV,Airplane,Tue Jan 28 2020 17:36:37 GMT-0500 (GMT-05:00)
Sx9sNlZWQy,Fixed Wing,Boeing 747-300M,null,Tue Jan 28 2020 20:21:59 GMT-0500 (GMT-05:00),Boeing,74D,B743,JpqipcQe8h,Airplane,Tue Jan 28 2020 17:36:37 GMT-0500 (GMT-05:00)
poAB9EtiEx,Fixed Wing,Antonov AN-72 / AN-74,null,Tue Jan 28 2020 20:19:45 GMT-0500 (GMT-05:00),Antonov,AN7,AN72,28oWZ0CudV,Airplane,Tue Jan 28 2020 17:36:37 GMT-0500 (GMT-05:00)
FhxqsyBugD,Fixed Wing,Boeing 720B,null,Tue Jan 28 2020 20:22:00 GMT-0500 (GMT-05:00),Boeing,B72,B720,JpqipcQe8h,Airplane,Tue Jan 28 2020 17:36:37 GMT-0500 (GMT-05:00)
Jus3KuYPZn,Fixed Wing,Airbus A310 (deprecated 1997: code replaced),null,Tue Jan 28 2020 20:18:45 GMT-0500 (GMT-05:00),Airbus,,EA31,3U16JN6hEf,Airplane,Tue Jan 28 2020 17:36:37 GMT-0500 (GMT-05:00)
Vv5vTx6M1G,Rotary Wing,Bell 429,null,Tue Jan 28 2020 20:21:34 GMT-0500 (GMT-05:00),Bell,BH2,B429,FPFiZW5aZC,Helicopter,Tue Jan 28 2020 17:36:37 GMT-0500 (GMT-05:00)
gmPY2xAxcA,Fixed Wing,Avro RJ85,null,Tue Jan 28 2020 20:20:36 GMT-0500 (GMT-05:00),Avro International Aerospace,AR8,RJ85,EZLIJ3KIeJ,Airplane,Tue Jan 28 2020 17:36:37 GMT-0500 (GMT-05:00)
bkD7AmPuxh,Fixed Wing,BAe 146-200,null,Tue Jan 28 2020 20:24:49 GMT-0500 (GMT-05:00),British Aerospace,142,B462,MxhGOYq83B,Airplane,Tue Jan 28 2020 17:36:37 GMT-0500 (GMT-05:00)
ZOTAafMiUE,Fixed Wing,Airbus A340-200,null,Tue Jan 28 2020 20:18:47 GMT-0500 (GMT-05:00),Airbus,342,A342,3U16JN6hEf,Airplane,Tue Jan 28 2020 17:36:37 GMT-0500 (GMT-05:00)
xl2bu30wdj,Rotary Wing,Bell 412,null,Tue Jan 28 2020 20:21:36 GMT-0500 (GMT-05:00),Bell,BH2,B412,FPFiZW5aZC,Helicopter,Tue Jan 28 2020 17:36:37 GMT-0500 (GMT-05:00)
Fq73SXVoSP,Fixed Wing,"7AC Champ, 7ECA Citabria",null,Tue Jan 28 2020 20:28:54 GMT-0500 (GMT-05:00),Champion Aircraft Corporation,N/A,CH7A,q0zWxxekd6,Airplane,Tue Jan 28 2020 17:36:37 GMT-0500 (GMT-05:00)
qkiqdGdkDu,Fixed Wing,Boeing 747-200F,null,Tue Jan 28 2020 20:22:00 GMT-0500 (GMT-05:00),Boeing,74X,B742,JpqipcQe8h,Airplane,Tue Jan 28 2020 17:36:37 GMT-0500 (GMT-05:00)
vh7P2MkBo0,Fixed Wing,BAe 146-100,null,Tue Jan 28 2020 20:24:50 GMT-0500 (GMT-05:00),British Aerospace,141,B461,MxhGOYq83B,Airplane,Tue Jan 28 2020 17:36:37 GMT-0500 (GMT-05:00)
LOJkQUBFXf,Fixed Wing,Airbus A340-500,null,Tue Jan 28 2020 20:18:48 GMT-0500 (GMT-05:00),Airbus,345,A345,3U16JN6hEf,Airplane,Tue Jan 28 2020 17:36:37 GMT-0500 (GMT-05:00)
av4gCmbXTQ,Fixed Wing,Aeroprakt A-22 Foxbat / A-22 Valor / A-22 Vision,null,Tue Jan 28 2020 20:17:40 GMT-0500 (GMT-05:00),Aeroprakt,N/A,AP22,9Pg7saxo4m,Airplane,Tue Jan 28 2020 17:36:37 GMT-0500 (GMT-05:00)
FgOeq2Ozbn,Fixed Wing,Boeing 727-200,null,Tue Jan 28 2020 20:22:02 GMT-0500 (GMT-05:00),Boeing,722,B722,JpqipcQe8h,Airplane,Tue Jan 28 2020 17:36:37 GMT-0500 (GMT-05:00)
tmOv5OWQDG,Fixed Wing,Beechcraft Baron / 58 Baron,null,Tue Jan 28 2020 20:21:20 GMT-0500 (GMT-05:00),Beechcraft,N/A,BE58,B3DquHibv9,Airplane,Tue Jan 28 2020 17:36:37 GMT-0500 (GMT-05:00)
SGPqDxFAQR,Fixed Wing,Airbus A350-900,null,Tue Jan 28 2020 20:18:48 GMT-0500 (GMT-05:00),Airbus,359,A359,3U16JN6hEf,Airplane,Tue Jan 28 2020 17:36:37 GMT-0500 (GMT-05:00)
A5KKmjq5TR,Fixed Wing,Aerospatiale SN.601 Corvette,null,Tue Jan 28 2020 20:17:55 GMT-0500 (GMT-05:00),Aerospatiale,NDC,S601,QwthjRtAzQ,Airplane,Tue Jan 28 2020 17:36:37 GMT-0500 (GMT-05:00)
kj5xCEqOG9,Fixed Wing,Boeing 747 LCF Dreamlifter,null,Tue Jan 28 2020 20:22:03 GMT-0500 (GMT-05:00),Boeing,74B,BLCF,JpqipcQe8h,Airplane,Tue Jan 28 2020 17:36:37 GMT-0500 (GMT-05:00)
joVR2dPCzU,Fixed Wing,"Airbus A300B2, A300B4, and A300C4",null,Tue Jan 28 2020 20:18:49 GMT-0500 (GMT-05:00),Airbus,AB4,A30B,3U16JN6hEf,Airplane,Tue Jan 28 2020 17:36:37 GMT-0500 (GMT-05:00)
lNuyH51B14,Fixed Wing,Boeing 747-400,null,Tue Jan 28 2020 20:22:04 GMT-0500 (GMT-05:00),Boeing,744,B744,JpqipcQe8h,Airplane,Tue Jan 28 2020 17:36:37 GMT-0500 (GMT-05:00)
ytokRGxP3n,Fixed Wing,Airbus A321 (sharklets),null,Tue Jan 28 2020 20:18:52 GMT-0500 (GMT-05:00),Airbus,32B,A321,3U16JN6hEf,Airplane,Tue Jan 28 2020 17:36:37 GMT-0500 (GMT-05:00)
a1kXBmW1wA,Fixed Wing,Antonov AN-30,null,Tue Jan 28 2020 20:19:46 GMT-0500 (GMT-05:00),Antonov,A30,AN30,28oWZ0CudV,Airplane,Tue Jan 28 2020 17:36:37 GMT-0500 (GMT-05:00)
gPtWcLbwrP,Fixed Wing,Boeing 737 MAX 9,null,Tue Jan 28 2020 20:22:07 GMT-0500 (GMT-05:00),Boeing,7M9,B39M,JpqipcQe8h,Airplane,Tue Jan 28 2020 17:36:37 GMT-0500 (GMT-05:00)
CqbsazIeAb,Fixed Wing,Boeing 747-100 Freighter,null,Tue Jan 28 2020 20:22:09 GMT-0500 (GMT-05:00),Boeing,74T,B741,JpqipcQe8h,Airplane,Tue Jan 28 2020 17:36:37 GMT-0500 (GMT-05:00)
Brv1x5cOGk,Fixed Wing,Airbus A318,null,Tue Jan 28 2020 20:18:53 GMT-0500 (GMT-05:00),Airbus,318,A318,3U16JN6hEf,Airplane,Tue Jan 28 2020 17:36:37 GMT-0500 (GMT-05:00)
jwMwrF9Zic,Fixed Wing,Boeing 737-300,null,Tue Jan 28 2020 20:22:13 GMT-0500 (GMT-05:00),Boeing,733,B733,JpqipcQe8h,Airplane,Tue Jan 28 2020 17:36:37 GMT-0500 (GMT-05:00)
UIeIlpieUQ,Fixed Wing,Boeing 737 MAX 8,null,Tue Jan 28 2020 20:22:08 GMT-0500 (GMT-05:00),Boeing,7M8,B38M,JpqipcQe8h,Airplane,Tue Jan 28 2020 17:36:37 GMT-0500 (GMT-05:00)
MMYLHmV7RE,Fixed Wing,Boeing 717,null,Tue Jan 28 2020 20:22:10 GMT-0500 (GMT-05:00),Boeing,717,B712,JpqipcQe8h,Airplane,Tue Jan 28 2020 17:36:37 GMT-0500 (GMT-05:00)
WTqLYsrhUv,Fixed Wing,Airbus A319neo,null,Tue Jan 28 2020 20:18:54 GMT-0500 (GMT-05:00),Airbus,31N,A19N,3U16JN6hEf,Airplane,Tue Jan 28 2020 17:36:37 GMT-0500 (GMT-05:00)
UobG6xDBM2,Fixed Wing,Boeing 747-200M,null,Tue Jan 28 2020 20:22:18 GMT-0500 (GMT-05:00),Boeing,74C,B742,JpqipcQe8h,Airplane,Tue Jan 28 2020 17:36:37 GMT-0500 (GMT-05:00)
JHuoHEtOuj,Fixed Wing,Boeing 737-700,null,Tue Jan 28 2020 20:22:17 GMT-0500 (GMT-05:00),Boeing,73G,B737,JpqipcQe8h,Airplane,Tue Jan 28 2020 17:36:37 GMT-0500 (GMT-05:00)
BxLlVmAlUV,Fixed Wing,Beechcraft Baron / 55 Baron,null,Tue Jan 28 2020 20:21:21 GMT-0500 (GMT-05:00),Beechcraft,N/A,BE55,B3DquHibv9,Airplane,Tue Jan 28 2020 17:36:37 GMT-0500 (GMT-05:00)
5wsEkyExIV,Fixed Wing,Boeing 737-200,null,Tue Jan 28 2020 20:22:14 GMT-0500 (GMT-05:00),Boeing,732,B732,JpqipcQe8h,Airplane,Tue Jan 28 2020 17:36:37 GMT-0500 (GMT-05:00)
wQuofgEBxu,Fixed Wing,Airbus A220-100,null,Tue Jan 28 2020 20:18:55 GMT-0500 (GMT-05:00),Airbus,221,BCS1,3U16JN6hEf,Airplane,Tue Jan 28 2020 17:36:37 GMT-0500 (GMT-05:00)
IYoiFLLgC1,Fixed Wing,Antonov AN-140,null,Tue Jan 28 2020 20:19:47 GMT-0500 (GMT-05:00),Antonov,A40,A140,28oWZ0CudV,Airplane,Tue Jan 28 2020 17:36:37 GMT-0500 (GMT-05:00)
LU79DWXCFe,Fixed Wing,Antonov AN-12,null,Tue Jan 28 2020 20:19:48 GMT-0500 (GMT-05:00),Antonov,ANF,AN12,28oWZ0CudV,Airplane,Tue Jan 28 2020 17:36:37 GMT-0500 (GMT-05:00)
gxvoErKjed,Fixed Wing,Antonov AN-28,null,Tue Jan 28 2020 20:19:50 GMT-0500 (GMT-05:00),Antonov,A28,AN28,28oWZ0CudV,Airplane,Tue Jan 28 2020 17:36:37 GMT-0500 (GMT-05:00)
TTDxYd81A0,Fixed Wing,Boeing 747-100,null,Tue Jan 28 2020 20:22:16 GMT-0500 (GMT-05:00),Boeing,741,B741,JpqipcQe8h,Airplane,Tue Jan 28 2020 17:36:37 GMT-0500 (GMT-05:00)
1QgoqP4WrP,Fixed Wing,Aerospatiale/Alenia ATR 72-500,null,Tue Jan 28 2020 20:17:56 GMT-0500 (GMT-05:00),Aerospatiale,ATR,AT75,QwthjRtAzQ,Airplane,Tue Jan 28 2020 17:36:37 GMT-0500 (GMT-05:00)
k1lGjPt8g1,Fixed Wing,Boeing 737 MAX 7,null,Tue Jan 28 2020 20:22:19 GMT-0500 (GMT-05:00),Boeing,7M7,B37M,JpqipcQe8h,Airplane,Tue Jan 28 2020 17:36:37 GMT-0500 (GMT-05:00)
OiCW8Kv3ok,Fixed Wing,Airbus A320 (deprecated 1997: code replaced),null,Tue Jan 28 2020 20:18:58 GMT-0500 (GMT-05:00),Airbus,,EA32,3U16JN6hEf,Airplane,Tue Jan 28 2020 17:36:37 GMT-0500 (GMT-05:00)
AwZbnGz00T,Fixed Wing,Aerospatiale (Nord) 262,null,Tue Jan 28 2020 20:17:58 GMT-0500 (GMT-05:00),Aerospatiale,ND2,N262,QwthjRtAzQ,Airplane,Tue Jan 28 2020 17:36:37 GMT-0500 (GMT-05:00)
t10OFoPuxV,Fixed Wing,Aerospatiale/Alenia ATR 42-300 / 320,null,Tue Jan 28 2020 20:17:58 GMT-0500 (GMT-05:00),Aerospatiale,AT4,AT43,QwthjRtAzQ,Airplane,Tue Jan 28 2020 17:36:37 GMT-0500 (GMT-05:00)
j7I5aswxz5,Fixed Wing,Airbus A321neo,null,Tue Jan 28 2020 20:18:58 GMT-0500 (GMT-05:00),Airbus,32Q,A21N,3U16JN6hEf,Airplane,Tue Jan 28 2020 17:36:37 GMT-0500 (GMT-05:00)
DsHBdF8xZj,Fixed Wing,Airbus A330-200,null,Tue Jan 28 2020 20:19:00 GMT-0500 (GMT-05:00),Airbus,332,A332,3U16JN6hEf,Airplane,Tue Jan 28 2020 17:36:37 GMT-0500 (GMT-05:00)
j4OjHqoNVR,Fixed Wing,Boeing 707,null,Tue Jan 28 2020 20:22:22 GMT-0500 (GMT-05:00),Boeing,703,B703,JpqipcQe8h,Airplane,Tue Jan 28 2020 17:36:37 GMT-0500 (GMT-05:00)
0iXK9BHmOW,Fixed Wing,Boeing 737-900,null,Tue Jan 28 2020 20:22:21 GMT-0500 (GMT-05:00),Boeing,739,B739,JpqipcQe8h,Airplane,Tue Jan 28 2020 17:36:37 GMT-0500 (GMT-05:00)
xrNlt6HBiH,Fixed Wing,Boeing 737-800,null,Tue Jan 28 2020 20:22:20 GMT-0500 (GMT-05:00),Boeing,738,B738,JpqipcQe8h,Airplane,Tue Jan 28 2020 17:36:37 GMT-0500 (GMT-05:00)
RypjJ53oEC,Fixed Wing,Beechcraft 1900,null,Tue Jan 28 2020 20:21:24 GMT-0500 (GMT-05:00),Beechcraft,BEH,B190,B3DquHibv9,Airplane,Tue Jan 28 2020 17:36:37 GMT-0500 (GMT-05:00)
4C8OsKpML5,Fixed Wing,Airbus A300 (deprecated 1997: code replaced),null,Tue Jan 28 2020 20:19:01 GMT-0500 (GMT-05:00),Airbus,,EA30,3U16JN6hEf,Airplane,Tue Jan 28 2020 17:36:37 GMT-0500 (GMT-05:00)
pc4RQKF9MR,Fixed Wing,Avro RJ100,null,Tue Jan 28 2020 20:21:10 GMT-0500 (GMT-05:00),Avro International Aerospace,AR1,RJ1H,EZLIJ3KIeJ,Airplane,Tue Jan 28 2020 17:36:37 GMT-0500 (GMT-05:00)
EFzvgfhBbB,Fixed Wing,Airbus A320,null,Tue Jan 28 2020 20:19:00 GMT-0500 (GMT-05:00),Airbus,320,A320,3U16JN6hEf,Airplane,Tue Jan 28 2020 17:36:37 GMT-0500 (GMT-05:00)
GUkYIzJRIx,Fixed Wing,Boeing 737 MAX 10,null,Tue Jan 28 2020 20:22:24 GMT-0500 (GMT-05:00),Boeing,7MJ,B3XM,JpqipcQe8h,Airplane,Tue Jan 28 2020 17:36:37 GMT-0500 (GMT-05:00)
3ynnkFTGru,Fixed Wing,Airbus A319,null,Tue Jan 28 2020 20:19:02 GMT-0500 (GMT-05:00),Airbus,319,A319,3U16JN6hEf,Airplane,Tue Jan 28 2020 17:36:37 GMT-0500 (GMT-05:00)
Pm2J29cbLm,Fixed Wing,Airbus A340 (deprecated 1997: code replaced),null,Tue Jan 28 2020 20:19:04 GMT-0500 (GMT-05:00),Airbus,,EA34,3U16JN6hEf,Airplane,Tue Jan 28 2020 17:36:37 GMT-0500 (GMT-05:00)
SlfemlZNHI,Fixed Wing,"7GCAA, 7GCBC, 7KCAB Citabria",null,Tue Jan 28 2020 20:28:56 GMT-0500 (GMT-05:00),Champion Aircraft Corporation,N/A,CH7B,q0zWxxekd6,Airplane,Tue Jan 28 2020 17:36:37 GMT-0500 (GMT-05:00)
qB2IY2cpdE,Fixed Wing,Airbus A300-600,null,Tue Jan 28 2020 20:19:03 GMT-0500 (GMT-05:00),Airbus,AB6,A306,3U16JN6hEf,Airplane,Tue Jan 28 2020 17:36:37 GMT-0500 (GMT-05:00)
bnwcoSNHOt,Fixed Wing,Boeing 747-300,null,Tue Jan 28 2020 20:22:21 GMT-0500 (GMT-05:00),Boeing,743,B743,JpqipcQe8h,Airplane,Tue Jan 28 2020 17:36:37 GMT-0500 (GMT-05:00)
sHDAX63OYR,Fixed Wing,Antonov An-225 Mriya,null,Tue Jan 28 2020 20:19:51 GMT-0500 (GMT-05:00),Antonov,A5F,A225,28oWZ0CudV,Airplane,Tue Jan 28 2020 17:36:37 GMT-0500 (GMT-05:00)
4cyO34XgjQ,Fixed Wing,Boeing 737-500,null,Tue Jan 28 2020 20:22:26 GMT-0500 (GMT-05:00),Boeing,735,B735,JpqipcQe8h,Airplane,Tue Jan 28 2020 17:36:37 GMT-0500 (GMT-05:00)
gbQosvB95n,Fixed Wing,Boeing 747-200,null,Tue Jan 28 2020 20:22:25 GMT-0500 (GMT-05:00),Boeing,742,B742,JpqipcQe8h,Airplane,Tue Jan 28 2020 17:36:37 GMT-0500 (GMT-05:00)
ElB4HfMiub,Fixed Wing,Aerospatiale/Alenia ATR 42-600,null,Tue Jan 28 2020 20:18:00 GMT-0500 (GMT-05:00),Aerospatiale,ATR,AT46,QwthjRtAzQ,Airplane,Tue Jan 28 2020 17:36:37 GMT-0500 (GMT-05:00)
kyRu6TWXHl,Fixed Wing,Antonov AN-24,null,Tue Jan 28 2020 20:19:52 GMT-0500 (GMT-05:00),Antonov,AN4,AN24,28oWZ0CudV,Airplane,Tue Jan 28 2020 17:36:37 GMT-0500 (GMT-05:00)
IHMhi7X9bl,Fixed Wing,Boeing 747-400D (deprecated 2018: no longer flying),null,Tue Jan 28 2020 20:22:29 GMT-0500 (GMT-05:00),Boeing,74J,B74D,JpqipcQe8h,Airplane,Tue Jan 28 2020 17:36:38 GMT-0500 (GMT-05:00)
W45AvSwKOy,Fixed Wing,Boeing 747-8F,null,Tue Jan 28 2020 20:22:30 GMT-0500 (GMT-05:00),Boeing,74N,B748,JpqipcQe8h,Airplane,Tue Jan 28 2020 17:36:38 GMT-0500 (GMT-05:00)
YiYem1UvzJ,Fixed Wing,Boeing 747SR Freighter,null,Tue Jan 28 2020 20:22:34 GMT-0500 (GMT-05:00),Boeing,74V,B74R,JpqipcQe8h,Airplane,Tue Jan 28 2020 17:36:38 GMT-0500 (GMT-05:00)
GoH86S63b5,Fixed Wing,Boeing 747-8I,null,Tue Jan 28 2020 20:22:31 GMT-0500 (GMT-05:00),Boeing,74H,B748,JpqipcQe8h,Airplane,Tue Jan 28 2020 17:36:38 GMT-0500 (GMT-05:00)
ujl31URdFa,Fixed Wing,Boeing 767-300,null,Tue Jan 28 2020 20:22:37 GMT-0500 (GMT-05:00),Boeing,763,B763,JpqipcQe8h,Airplane,Tue Jan 28 2020 17:36:38 GMT-0500 (GMT-05:00)
BRdkRFrPdl,Fixed Wing,Boeing 747-400M,null,Tue Jan 28 2020 20:22:35 GMT-0500 (GMT-05:00),Boeing,74E,B744,JpqipcQe8h,Airplane,Tue Jan 28 2020 17:36:38 GMT-0500 (GMT-05:00)
pZ5u6dCMwA,Fixed Wing,Boeing 777-200LR,null,Tue Jan 28 2020 20:22:50 GMT-0500 (GMT-05:00),Boeing,77L,B77L,JpqipcQe8h,Airplane,Tue Jan 28 2020 17:36:38 GMT-0500 (GMT-05:00)
JSB5AhohIt,Fixed Wing,Boeing 757-200,null,Tue Jan 28 2020 20:22:45 GMT-0500 (GMT-05:00),Boeing,752,B752,JpqipcQe8h,Airplane,Tue Jan 28 2020 17:36:38 GMT-0500 (GMT-05:00)
cyYLgs1feG,Fixed Wing,Boeing 777-300,null,Tue Jan 28 2020 20:22:38 GMT-0500 (GMT-05:00),Boeing,773,B773,JpqipcQe8h,Airplane,Tue Jan 28 2020 17:36:38 GMT-0500 (GMT-05:00)
zdKj2UNoLh,Fixed Wing,Boeing 747-400F,null,Tue Jan 28 2020 20:22:36 GMT-0500 (GMT-05:00),Boeing,74Y,B744,JpqipcQe8h,Airplane,Tue Jan 28 2020 17:36:38 GMT-0500 (GMT-05:00)
L6HBNxY79X,Fixed Wing,British Aerospace 125 series / Hawker/Raytheon 700/800/800XP/850/900,null,Tue Jan 28 2020 20:36:21 GMT-0500 (GMT-05:00),Hawker Beechcraft Corporation,H25,H25B,snCrGHoBiQ,Airplane,Tue Jan 28 2020 17:36:38 GMT-0500 (GMT-05:00)
yWVCguP5J8,Fixed Wing,Bombardier 415,null,Tue Jan 28 2020 20:24:20 GMT-0500 (GMT-05:00),Bombardier,N/A,CL2T,4hiy4aXTVl,Airplane,Tue Jan 28 2020 17:36:38 GMT-0500 (GMT-05:00)
o79MMyb5yN,Fixed Wing,Bombardier Global Express / Raytheon Sentinel,null,Tue Jan 28 2020 20:23:54 GMT-0500 (GMT-05:00),Bombardier,CCX,GLEX,4hiy4aXTVl,Airplane,Tue Jan 28 2020 17:36:38 GMT-0500 (GMT-05:00)
vgoI2VvKv2,Fixed Wing,Boeing 777-8,null,Tue Jan 28 2020 20:22:46 GMT-0500 (GMT-05:00),Boeing,778,B778,JpqipcQe8h,Airplane,Tue Jan 28 2020 17:36:38 GMT-0500 (GMT-05:00)
FU6gqV6pWC,Fixed Wing,Boeing 757-300,null,Tue Jan 28 2020 20:22:44 GMT-0500 (GMT-05:00),Boeing,753,B753,JpqipcQe8h,Airplane,Tue Jan 28 2020 17:36:38 GMT-0500 (GMT-05:00)
Hvn8lp66ui,Fixed Wing,Boeing 747SR,null,Tue Jan 28 2020 20:22:41 GMT-0500 (GMT-05:00),Boeing,74R,B74R,JpqipcQe8h,Airplane,Tue Jan 28 2020 17:36:38 GMT-0500 (GMT-05:00)
8gDDJPdztZ,Fixed Wing,Boeing 787-8,null,Tue Jan 28 2020 20:22:40 GMT-0500 (GMT-05:00),Boeing,788,B788,JpqipcQe8h,Airplane,Tue Jan 28 2020 17:36:38 GMT-0500 (GMT-05:00)
xmAhIT5bJT,Fixed Wing,Boeing 747SP,null,Tue Jan 28 2020 20:22:42 GMT-0500 (GMT-05:00),Boeing,74L,B74S,JpqipcQe8h,Airplane,Tue Jan 28 2020 17:36:38 GMT-0500 (GMT-05:00)
vyudcE73GO,Fixed Wing,Boeing 757F,null,Tue Jan 28 2020 20:22:50 GMT-0500 (GMT-05:00),Boeing,75F,B752,JpqipcQe8h,Airplane,Tue Jan 28 2020 17:36:38 GMT-0500 (GMT-05:00)
Pi7ZIEpvk1,Fixed Wing,Boeing 777-200 / Boeing 777-200ER,null,Tue Jan 28 2020 20:22:43 GMT-0500 (GMT-05:00),Boeing,772,B772,JpqipcQe8h,Airplane,Tue Jan 28 2020 17:36:38 GMT-0500 (GMT-05:00)
82DiTLYfsZ,Fixed Wing,Boeing 767-200,null,Tue Jan 28 2020 20:22:48 GMT-0500 (GMT-05:00),Boeing,762,B762,JpqipcQe8h,Airplane,Tue Jan 28 2020 17:36:38 GMT-0500 (GMT-05:00)
EFpHh87xOC,Fixed Wing,Boeing 777-200 Freighter,null,Tue Jan 28 2020 20:22:51 GMT-0500 (GMT-05:00),Boeing,77X,B77L,JpqipcQe8h,Airplane,Tue Jan 28 2020 17:36:38 GMT-0500 (GMT-05:00)
wzHVLCx7n2,Fixed Wing,Canadair Regional Jet 700 | Regional Jet 550,null,Tue Jan 28 2020 20:24:10 GMT-0500 (GMT-05:00),Bombardier,CR7,CRJ7,4hiy4aXTVl,Airplane,Tue Jan 28 2020 17:36:38 GMT-0500 (GMT-05:00)
b2d6m8igom,Fixed Wing,British Aerospace Jetstream 41,null,Tue Jan 28 2020 20:24:51 GMT-0500 (GMT-05:00),British Aerospace,J41,JS41,MxhGOYq83B,Airplane,Tue Jan 28 2020 17:36:38 GMT-0500 (GMT-05:00)
3HCvxEqRYl,Fixed Wing,Boeing 767-400ER,null,Tue Jan 28 2020 20:22:52 GMT-0500 (GMT-05:00),Boeing,764,B764,JpqipcQe8h,Airplane,Tue Jan 28 2020 17:36:38 GMT-0500 (GMT-05:00)
QAIqGrDCFq,Fixed Wing,Bombardier BD-100 Challenger 300,null,Tue Jan 28 2020 20:24:22 GMT-0500 (GMT-05:00),Bombardier,N/A,CL30,4hiy4aXTVl,Airplane,Tue Jan 28 2020 17:36:38 GMT-0500 (GMT-05:00)
v5fkgJCLPq,Fixed Wing,Boeing 777-9,null,Tue Jan 28 2020 20:22:53 GMT-0500 (GMT-05:00),Boeing,779,B779,JpqipcQe8h,Airplane,Tue Jan 28 2020 17:36:38 GMT-0500 (GMT-05:00)
1AYNSrdpMh,Fixed Wing,British Aerospace 125-1000 series / Hawker/Raytheon 1000,null,Tue Jan 28 2020 20:36:27 GMT-0500 (GMT-05:00),Hawker Beechcraft Corporation,H25,H25C,snCrGHoBiQ,Airplane,Tue Jan 28 2020 17:36:38 GMT-0500 (GMT-05:00)
Okwba8k9Ai,Fixed Wing,Cessna 162,null,Tue Jan 28 2020 20:28:19 GMT-0500 (GMT-05:00),Cessna,CN1,C162,JD1ztm5wOc,Airplane,Tue Jan 28 2020 17:36:38 GMT-0500 (GMT-05:00)
YBBMU2PeSh,Fixed Wing,Boeing 787-10,null,Tue Jan 28 2020 20:22:53 GMT-0500 (GMT-05:00),Boeing,781,B78X,JpqipcQe8h,Airplane,Tue Jan 28 2020 17:36:38 GMT-0500 (GMT-05:00)
hJl9kBQaaQ,Fixed Wing,Bombardier BD-700 Global 5000,null,Tue Jan 28 2020 20:24:23 GMT-0500 (GMT-05:00),Bombardier,CCX,GL5T,4hiy4aXTVl,Airplane,Tue Jan 28 2020 17:36:38 GMT-0500 (GMT-05:00)
jniB4cfsw0,Fixed Wing,Canadair Regional Jet 1000,null,Tue Jan 28 2020 20:24:25 GMT-0500 (GMT-05:00),Bombardier,CRK,CRJX,4hiy4aXTVl,Airplane,Tue Jan 28 2020 17:36:38 GMT-0500 (GMT-05:00)
JRxHUa17no,Fixed Wing,Cessna Citation CJ3,null,Tue Jan 28 2020 20:28:21 GMT-0500 (GMT-05:00),Cessna,CNJ,C25B,JD1ztm5wOc,Airplane,Tue Jan 28 2020 17:36:38 GMT-0500 (GMT-05:00)
ZuPm7m4uIe,Fixed Wing,British Aerospace Jetstream 31,null,Tue Jan 28 2020 20:24:53 GMT-0500 (GMT-05:00),British Aerospace,J31,JS31,MxhGOYq83B,Airplane,Tue Jan 28 2020 17:36:38 GMT-0500 (GMT-05:00)
9LQN56aTHk,Fixed Wing,British Aerospace ATP,null,Tue Jan 28 2020 20:24:54 GMT-0500 (GMT-05:00),British Aerospace,ATP,ATP,MxhGOYq83B,Airplane,Tue Jan 28 2020 17:36:38 GMT-0500 (GMT-05:00)
u7MT6IlyKE,Fixed Wing,Canadair Regional Jet 900,null,Tue Jan 28 2020 20:24:26 GMT-0500 (GMT-05:00),Bombardier,CR9,CRJ9,4hiy4aXTVl,Airplane,Tue Jan 28 2020 17:36:38 GMT-0500 (GMT-05:00)
oVLrMIjruh,Fixed Wing,Cessna 206 Stationair,null,Tue Jan 28 2020 20:28:20 GMT-0500 (GMT-05:00),Cessna,CN1,C206,JD1ztm5wOc,Airplane,Tue Jan 28 2020 17:36:38 GMT-0500 (GMT-05:00)
bCAYfRiNE1,Fixed Wing,Canadair Challenger,null,Tue Jan 28 2020 20:24:24 GMT-0500 (GMT-05:00),Bombardier,CCJ,CL60,4hiy4aXTVl,Airplane,Tue Jan 28 2020 17:36:38 GMT-0500 (GMT-05:00)
BGavwYcJxY,Fixed Wing,CASA/IPTN CN-235,null,Tue Jan 28 2020 20:37:13 GMT-0500 (GMT-05:00),Indonesian Aerospace,CS5,CN35,cEz8U6HMM1,Airplane,Tue Jan 28 2020 17:36:38 GMT-0500 (GMT-05:00)
9bFAPeWbVU,Fixed Wing,De Havilland Canada DHC-5 Buffalo,null,Tue Jan 28 2020 20:30:22 GMT-0500 (GMT-05:00),De Havilland Aircraft of Canada,DHC,DHC5,XUY6btf2Ih,Airplane,Tue Jan 28 2020 17:36:38 GMT-0500 (GMT-05:00)
BGj5GJ7Xw8,Fixed Wing,Boeing 777-300ER,null,Tue Jan 28 2020 20:22:54 GMT-0500 (GMT-05:00),Boeing,77W,B77W,JpqipcQe8h,Airplane,Tue Jan 28 2020 17:36:38 GMT-0500 (GMT-05:00)
tIS6FLGXf7,Fixed Wing,Dassault Falcon 900,null,Tue Jan 28 2020 20:29:55 GMT-0500 (GMT-05:00),Dassault Falcon,DF9,F900,6pFSgjNx6v,Airplane,Tue Jan 28 2020 17:36:38 GMT-0500 (GMT-05:00)
ok9rEeA2MW,Fixed Wing,"Cessna Citation III, VI, VII",null,Tue Jan 28 2020 20:28:24 GMT-0500 (GMT-05:00),Cessna,CNJ,C650,JD1ztm5wOc,Airplane,Tue Jan 28 2020 17:36:38 GMT-0500 (GMT-05:00)
rVQxH7zvjJ,Fixed Wing,Cessna 177 Cardinal RG,null,Tue Jan 28 2020 20:28:22 GMT-0500 (GMT-05:00),Cessna,CN1,C77R,JD1ztm5wOc,Airplane,Tue Jan 28 2020 17:36:38 GMT-0500 (GMT-05:00)
3rBpdQMpRB,Fixed Wing,Cessna Citation CJ2,null,Tue Jan 28 2020 20:28:38 GMT-0500 (GMT-05:00),Cessna,CNJ,C25A,JD1ztm5wOc,Airplane,Tue Jan 28 2020 17:36:38 GMT-0500 (GMT-05:00)
pzKe2wx86B,Fixed Wing,Cessna Citation Mustang,null,Tue Jan 28 2020 20:28:31 GMT-0500 (GMT-05:00),Cessna,CNJ,C510,JD1ztm5wOc,Airplane,Tue Jan 28 2020 17:36:38 GMT-0500 (GMT-05:00)
1tzmCwfOaE,Fixed Wing,Canadair Regional Jet 100,null,Tue Jan 28 2020 20:24:27 GMT-0500 (GMT-05:00),Bombardier,CR1,CRJ1,4hiy4aXTVl,Airplane,Tue Jan 28 2020 17:36:38 GMT-0500 (GMT-05:00)
qxa9OsfIec,Fixed Wing,De Havilland DH.114 Heron,null,Tue Jan 28 2020 20:30:28 GMT-0500 (GMT-05:00),De Havilland Aircraft of Canada,DHH,HERN,XUY6btf2Ih,Airplane,Tue Jan 28 2020 17:36:38 GMT-0500 (GMT-05:00)
1dTUuUWhIL,Fixed Wing,British Aerospace Jetstream 32,null,Tue Jan 28 2020 20:24:56 GMT-0500 (GMT-05:00),British Aerospace,J32,JS32,MxhGOYq83B,Airplane,Tue Jan 28 2020 17:36:38 GMT-0500 (GMT-05:00)
7MY3az7Td9,Fixed Wing,Cirrus SF50 Vision Jet,null,Tue Jan 28 2020 20:29:28 GMT-0500 (GMT-05:00),Cirrus,,SF50,UeBaJoCkC5,Airplane,Tue Jan 28 2020 17:36:38 GMT-0500 (GMT-05:00)
ejMznmHvBQ,Fixed Wing,Cessna 172,null,Tue Jan 28 2020 20:28:23 GMT-0500 (GMT-05:00),Cessna,CN1,C172,JD1ztm5wOc,Airplane,Tue Jan 28 2020 17:36:38 GMT-0500 (GMT-05:00)
rZVzEPoawF,Fixed Wing,Cessna Citation CJ4,null,Tue Jan 28 2020 20:28:30 GMT-0500 (GMT-05:00),Cessna,CNJ,C25C,JD1ztm5wOc,Airplane,Tue Jan 28 2020 17:36:38 GMT-0500 (GMT-05:00)
pAilTws9Ku,Fixed Wing,Boeing 787-9,null,Tue Jan 28 2020 20:22:56 GMT-0500 (GMT-05:00),Boeing,789,B789,JpqipcQe8h,Airplane,Tue Jan 28 2020 17:36:38 GMT-0500 (GMT-05:00)
XBGlcPsSAU,Fixed Wing,Cessna CitationJet,null,Tue Jan 28 2020 20:28:29 GMT-0500 (GMT-05:00),Cessna,CNJ,C525,JD1ztm5wOc,Airplane,Tue Jan 28 2020 17:36:38 GMT-0500 (GMT-05:00)
lqz9j2cnfo,Fixed Wing,Cessna 310,null,Tue Jan 28 2020 20:28:28 GMT-0500 (GMT-05:00),Cessna,N/A,C310,JD1ztm5wOc,Airplane,Tue Jan 28 2020 17:36:38 GMT-0500 (GMT-05:00)
t5pgESoZwH,Fixed Wing,De Havilland Canada DHC-6 Twin Otter,null,Tue Jan 28 2020 20:30:28 GMT-0500 (GMT-05:00),De Havilland Aircraft of Canada,DHT,DHC6,XUY6btf2Ih,Airplane,Tue Jan 28 2020 17:36:38 GMT-0500 (GMT-05:00)
HSUZb8Gvlv,Fixed Wing,British Aerospace (BAC) One Eleven,null,Tue Jan 28 2020 20:25:04 GMT-0500 (GMT-05:00),British Aircraft Corporation,B11,BA11,ZbJgwBWmMY,Airplane,Tue Jan 28 2020 17:36:38 GMT-0500 (GMT-05:00)
6kaES08CZE,Fixed Wing,Cessna 208 Caravan,null,Tue Jan 28 2020 20:28:25 GMT-0500 (GMT-05:00),Cessna,CN1,C208,JD1ztm5wOc,Airplane,Tue Jan 28 2020 17:36:38 GMT-0500 (GMT-05:00)
74jRwSvI7l,Fixed Wing,De Havilland Canada DHC-8-300 Dash 8 / 8Q,null,Tue Jan 28 2020 20:30:23 GMT-0500 (GMT-05:00),De Havilland Aircraft of Canada,DH3,DH8C,XUY6btf2Ih,Airplane,Tue Jan 28 2020 17:36:38 GMT-0500 (GMT-05:00)
aBtR1mYxLu,Fixed Wing,De Havilland Canada DHC-2 Beaver,null,Tue Jan 28 2020 20:30:24 GMT-0500 (GMT-05:00),De Havilland Aircraft of Canada,DHP,DHC2,XUY6btf2Ih,Airplane,Tue Jan 28 2020 17:36:38 GMT-0500 (GMT-05:00)
wRT8ko8kzq,Fixed Wing,Curtiss C-46 Commando,null,Tue Jan 28 2020 20:29:46 GMT-0500 (GMT-05:00),Curtiss-Wright,CWC,C46,4JUSgjDB9I,Airplane,Tue Jan 28 2020 17:36:38 GMT-0500 (GMT-05:00)
1oCMgDnKfQ,Fixed Wing,Cessna Citation I,null,Tue Jan 28 2020 20:28:32 GMT-0500 (GMT-05:00),Cessna,CNJ,C500,JD1ztm5wOc,Airplane,Tue Jan 28 2020 17:36:38 GMT-0500 (GMT-05:00)
A7UpeQVe3z,Fixed Wing,Canadair Regional Jet 200,null,Tue Jan 28 2020 20:24:28 GMT-0500 (GMT-05:00),Bombardier,CR2,CRJ2,4hiy4aXTVl,Airplane,Tue Jan 28 2020 17:36:38 GMT-0500 (GMT-05:00)
8ryozeTbiC,Fixed Wing,Douglas DC-10-30 / -40 Freighter,null,Tue Jan 28 2020 20:38:33 GMT-0500 (GMT-05:00),McDonnell Douglas,D1Y,DC10,zbBAGakQcN,Airplane,Tue Jan 28 2020 17:36:38 GMT-0500 (GMT-05:00)
vBkpvTJTvK,Fixed Wing,"Convair CV-580, Convair CV-600, Convair CV-640",null,Tue Jan 28 2020 20:29:36 GMT-0500 (GMT-05:00),Convair,CV5,CVLT,VzWIOVaGhp,Airplane,Tue Jan 28 2020 17:36:38 GMT-0500 (GMT-05:00)
2OJOzOGQpB,Fixed Wing,Cessna 152,null,Tue Jan 28 2020 20:28:34 GMT-0500 (GMT-05:00),Cessna,N/A,C152,JD1ztm5wOc,Airplane,Tue Jan 28 2020 17:36:38 GMT-0500 (GMT-05:00)
RmKv2qnptB,Fixed Wing,Cessna 182 Skylane,null,Tue Jan 28 2020 20:28:36 GMT-0500 (GMT-05:00),Cessna,CN1,C182,JD1ztm5wOc,Airplane,Tue Jan 28 2020 17:36:38 GMT-0500 (GMT-05:00)
PMVq8h41CT,Fixed Wing,CASA / IPTN 212 Aviocar,null,Tue Jan 28 2020 20:37:14 GMT-0500 (GMT-05:00),Indonesian Aerospace,CS2,C212,cEz8U6HMM1,Airplane,Tue Jan 28 2020 17:36:38 GMT-0500 (GMT-05:00)
p7SK0DUbt0,Fixed Wing,De Havilland Canada DHC-8-400 Dash 8Q,null,Tue Jan 28 2020 20:30:29 GMT-0500 (GMT-05:00),De Havilland Aircraft of Canada,DH4,DH8D,XUY6btf2Ih,Airplane,Tue Jan 28 2020 17:36:38 GMT-0500 (GMT-05:00)
Mgza5wALxY,Fixed Wing,Douglas DC-8-50,null,Tue Jan 28 2020 20:38:34 GMT-0500 (GMT-05:00),McDonnell Douglas,D8T,DC85,zbBAGakQcN,Airplane,Tue Jan 28 2020 17:36:38 GMT-0500 (GMT-05:00)
eS4wODbyRU,Fixed Wing,Cessna Citation II,null,Tue Jan 28 2020 20:28:40 GMT-0500 (GMT-05:00),Cessna,CNJ,C550,JD1ztm5wOc,Airplane,Tue Jan 28 2020 17:36:38 GMT-0500 (GMT-05:00)
mg0chGfHbs,Fixed Wing,Cessna 172 Cutlass RG,null,Tue Jan 28 2020 20:28:37 GMT-0500 (GMT-05:00),Cessna,CN1,C72R,JD1ztm5wOc,Airplane,Tue Jan 28 2020 17:36:38 GMT-0500 (GMT-05:00)
OCYLfCB5Z1,Fixed Wing,Cessna Citation X,null,Tue Jan 28 2020 20:28:41 GMT-0500 (GMT-05:00),Cessna,CNJ,C750,JD1ztm5wOc,Airplane,Tue Jan 28 2020 17:36:38 GMT-0500 (GMT-05:00)
MUNKawHNBP,Fixed Wing,Douglas DC-10-30 / -40 Passenger,null,Tue Jan 28 2020 20:38:39 GMT-0500 (GMT-05:00),McDonnell Douglas,D1C,DC10,zbBAGakQcN,Airplane,Tue Jan 28 2020 17:36:38 GMT-0500 (GMT-05:00)
bWUHaL2r8x,Fixed Wing,Diamond DA42,null,Tue Jan 28 2020 20:31:01 GMT-0500 (GMT-05:00),Diamond Aircraft Industries,N/A,DA42,TSOZIQEUGw,Airplane,Tue Jan 28 2020 17:36:38 GMT-0500 (GMT-05:00)
NdMuIFj7wX,Fixed Wing,Convair CV-240 & -440,null,Tue Jan 28 2020 20:29:39 GMT-0500 (GMT-05:00),Convair,CV4,CVLP,VzWIOVaGhp,Airplane,Tue Jan 28 2020 17:36:38 GMT-0500 (GMT-05:00)
NdPRJ7Hr2t,Fixed Wing,De Havilland Canada DHC-8-200 Dash 8 / 8Q,null,Tue Jan 28 2020 20:30:31 GMT-0500 (GMT-05:00),De Havilland Aircraft of Canada,DH2,DH8B,XUY6btf2Ih,Airplane,Tue Jan 28 2020 17:36:38 GMT-0500 (GMT-05:00)
ZjJ7ZNZEcP,Fixed Wing,Cessna 210 Centurion,null,Tue Jan 28 2020 20:28:43 GMT-0500 (GMT-05:00),Cessna,CN1,C210,JD1ztm5wOc,Airplane,Tue Jan 28 2020 17:36:38 GMT-0500 (GMT-05:00)
x1BL6C3RIM,Fixed Wing,De Havilland Canada DHC-4 Caribou,null,Tue Jan 28 2020 20:30:30 GMT-0500 (GMT-05:00),De Havilland Aircraft of Canada,DHC,DHC4,XUY6btf2Ih,Airplane,Tue Jan 28 2020 17:36:38 GMT-0500 (GMT-05:00)
zUqgBPZtqU,Fixed Wing,Dassault Falcon 7X,null,Tue Jan 28 2020 20:29:56 GMT-0500 (GMT-05:00),Dassault Falcon,DF7,FA7X,6pFSgjNx6v,Airplane,Tue Jan 28 2020 17:36:38 GMT-0500 (GMT-05:00)
EXhMcoqUHP,Fixed Wing,Cessna Citation V,null,Tue Jan 28 2020 20:28:41 GMT-0500 (GMT-05:00),Cessna,CNJ,C560,JD1ztm5wOc,Airplane,Tue Jan 28 2020 17:36:38 GMT-0500 (GMT-05:00)
XX3strDo5e,Fixed Wing,Douglas DC-10-10 Freighter,null,Tue Jan 28 2020 20:38:40 GMT-0500 (GMT-05:00),McDonnell Douglas,D1X,DC10,zbBAGakQcN,Airplane,Tue Jan 28 2020 17:36:38 GMT-0500 (GMT-05:00)
F9m11woVQz,Fixed Wing,Concorde,null,Tue Jan 28 2020 20:19:07 GMT-0500 (GMT-05:00),"Airbus, A�rospatiale, BAE Systems, Sud Aviation, British Aerospace, British Aircraft Corporation",SSC,CONC,3U16JN6hEf,Airplane,Tue Jan 28 2020 17:36:38 GMT-0500 (GMT-05:00)
77WJfT6THS,Fixed Wing,De Havilland DH.104 Dove,null,Tue Jan 28 2020 20:30:32 GMT-0500 (GMT-05:00),De Havilland Aircraft of Canada,DHD,DOVE,XUY6btf2Ih,Airplane,Tue Jan 28 2020 17:36:38 GMT-0500 (GMT-05:00)
J1oaYAMy6B,Fixed Wing,Douglas DC-6,null,Tue Jan 28 2020 20:38:41 GMT-0500 (GMT-05:00),McDonnell Douglas,D6F,DC6,zbBAGakQcN,Airplane,Tue Jan 28 2020 17:36:38 GMT-0500 (GMT-05:00)
W3GiJHX9FI,Fixed Wing,Cessna Citation Excel,null,Tue Jan 28 2020 20:28:44 GMT-0500 (GMT-05:00),Cessna,CNJ,C56X,JD1ztm5wOc,Airplane,Tue Jan 28 2020 17:36:38 GMT-0500 (GMT-05:00)
fvfnx4jczk,Fixed Wing,Cessna Citation Sovereign,null,Tue Jan 28 2020 20:28:45 GMT-0500 (GMT-05:00),Cessna,CNJ,C680,JD1ztm5wOc,Airplane,Tue Jan 28 2020 17:36:38 GMT-0500 (GMT-05:00)
E0Ii4yEKww,Fixed Wing,Dassault Falcon 50,null,Tue Jan 28 2020 20:29:57 GMT-0500 (GMT-05:00),Dassault Falcon,DF3,FA50,6pFSgjNx6v,Airplane,Tue Jan 28 2020 17:36:38 GMT-0500 (GMT-05:00)
YOUiZK3hXc,Fixed Wing,COMAC C919,null,Tue Jan 28 2020 20:29:20 GMT-0500 (GMT-05:00),China Commercial Aircraft,N/A,C919,Y8sxc9clDE,Airplane,Tue Jan 28 2020 17:36:38 GMT-0500 (GMT-05:00)
mdbDTgjuI6,Fixed Wing,De Havilland Canada DHC-3 Otter,null,Tue Jan 28 2020 20:30:36 GMT-0500 (GMT-05:00),De Havilland Aircraft of Canada,DHL,DHC3,XUY6btf2Ih,Airplane,Tue Jan 28 2020 17:36:38 GMT-0500 (GMT-05:00)
H1tUEvIDhE,Fixed Wing,De Havilland Canada DHC-8-100 Dash 8 / 8Q,null,Tue Jan 28 2020 20:30:38 GMT-0500 (GMT-05:00),De Havilland Aircraft of Canada,DH1,DH8A,XUY6btf2Ih,Airplane,Tue Jan 28 2020 17:36:38 GMT-0500 (GMT-05:00)
NZroLCnGii,Fixed Wing,De Havilland Comet 4 (deprecated code),null,Tue Jan 28 2020 20:30:40 GMT-0500 (GMT-05:00),De Havilland Aircraft of Canada,,DH64,XUY6btf2Ih,Airplane,Tue Jan 28 2020 17:36:38 GMT-0500 (GMT-05:00)
bqdWAL0D57,Fixed Wing,De Havilland Canada DHC-2 Turbo-Beaver,null,Tue Jan 28 2020 20:30:37 GMT-0500 (GMT-05:00),De Havilland Aircraft of Canada,DHR,DH2T,XUY6btf2Ih,Airplane,Tue Jan 28 2020 17:36:38 GMT-0500 (GMT-05:00)
kHgxV5GSOL,Fixed Wing,Dassault Falcon 2000,null,Tue Jan 28 2020 20:29:58 GMT-0500 (GMT-05:00),Dassault Falcon,D20,F2TH,6pFSgjNx6v,Airplane,Tue Jan 28 2020 17:36:38 GMT-0500 (GMT-05:00)
7bmBFRDVRC,Fixed Wing,Douglas DC-10-10 / -15 Passenger,null,Tue Jan 28 2020 20:38:42 GMT-0500 (GMT-05:00),McDonnell Douglas,D11,DC10,zbBAGakQcN,Airplane,Tue Jan 28 2020 17:36:38 GMT-0500 (GMT-05:00)
WZFWtiGDUU,Fixed Wing,De Havilland Canada DHC-7 Dash 7,null,Tue Jan 28 2020 20:30:41 GMT-0500 (GMT-05:00),De Havilland Aircraft of Canada,DH7,DHC7,XUY6btf2Ih,Airplane,Tue Jan 28 2020 17:36:38 GMT-0500 (GMT-05:00)
HR7UdHHlC9,Fixed Wing,Douglas DC-3,null,Tue Jan 28 2020 20:38:45 GMT-0500 (GMT-05:00),McDonnell Douglas,D3F,DC3,zbBAGakQcN,Airplane,Tue Jan 28 2020 17:36:38 GMT-0500 (GMT-05:00)
IK8oHaKy7Z,Fixed Wing,De Havilland Comet 2 (deprecated code),null,Tue Jan 28 2020 20:30:43 GMT-0500 (GMT-05:00),De Havilland Aircraft of Canada,,DH62,XUY6btf2Ih,Airplane,Tue Jan 28 2020 17:36:38 GMT-0500 (GMT-05:00)
CPodhZoFYF,Fixed Wing,Diamond DA62,null,Tue Jan 28 2020 20:31:03 GMT-0500 (GMT-05:00),Diamond Aircraft Industries,N/A,DA62,TSOZIQEUGw,Airplane,Tue Jan 28 2020 17:36:38 GMT-0500 (GMT-05:00)
YVjFgQI5G0,Fixed Wing,Douglas DC-10-30 Combi,null,Tue Jan 28 2020 20:38:47 GMT-0500 (GMT-05:00),McDonnell Douglas,D1M,DC10,zbBAGakQcN,Airplane,Tue Jan 28 2020 17:36:38 GMT-0500 (GMT-05:00)
aboj3Gipcn,Fixed Wing,Douglas DC-9-10,null,Tue Jan 28 2020 20:38:48 GMT-0500 (GMT-05:00),McDonnell Douglas,D91,DC91,zbBAGakQcN,Airplane,Tue Jan 28 2020 17:36:38 GMT-0500 (GMT-05:00)
D2607jxFIX,Fixed Wing,Douglas DC-8-72,null,Tue Jan 28 2020 20:38:50 GMT-0500 (GMT-05:00),McDonnell Douglas,D8Q,DC87,zbBAGakQcN,Airplane,Tue Jan 28 2020 17:36:38 GMT-0500 (GMT-05:00)
uHgmLPaGkV,Fixed Wing,Douglas DC-9-50,null,Tue Jan 28 2020 20:38:51 GMT-0500 (GMT-05:00),McDonnell Douglas,D95,DC95,zbBAGakQcN,Airplane,Tue Jan 28 2020 17:36:38 GMT-0500 (GMT-05:00)
FQv76n3Cx3,Fixed Wing,Embraer 175,null,Tue Jan 28 2020 20:33:35 GMT-0500 (GMT-05:00),Embraer,E75,E75S/L,ueRJCpoFmO,Airplane,Tue Jan 28 2020 17:36:38 GMT-0500 (GMT-05:00)
X3MqJAxNCd,Fixed Wing,Douglas DC-9-30,null,Tue Jan 28 2020 20:38:48 GMT-0500 (GMT-05:00),McDonnell Douglas,D93,DC93,zbBAGakQcN,Airplane,Tue Jan 28 2020 17:36:38 GMT-0500 (GMT-05:00)
W2CWIV09gV,Fixed Wing,Embraer 175 (long wing),null,Tue Jan 28 2020 20:31:20 GMT-0500 (GMT-05:00),Embraer,E7W,E75L,ueRJCpoFmO,Airplane,Tue Jan 28 2020 17:36:38 GMT-0500 (GMT-05:00)
fHfTwrEJRh,Fixed Wing,Embraer Legacy 600 / Legacy 650,null,Tue Jan 28 2020 20:33:40 GMT-0500 (GMT-05:00),Embraer,ER3,E35L,ueRJCpoFmO,Airplane,Tue Jan 28 2020 17:36:38 GMT-0500 (GMT-05:00)
DjIFRPLZkk,Fixed Wing,Embraer EMB 120 Brasilia,null,Tue Jan 28 2020 20:33:39 GMT-0500 (GMT-05:00),Embraer,EM2,E120,ueRJCpoFmO,Airplane,Tue Jan 28 2020 17:36:38 GMT-0500 (GMT-05:00)
odo6bdBmPp,Fixed Wing,Embraer 190,null,Tue Jan 28 2020 20:33:36 GMT-0500 (GMT-05:00),Embraer,E90,E190,ueRJCpoFmO,Airplane,Tue Jan 28 2020 17:36:38 GMT-0500 (GMT-05:00)
PEFuYOuw4w,Fixed Wing,Embraer E190-E2,null,Tue Jan 28 2020 20:33:38 GMT-0500 (GMT-05:00),Embraer,290,E290,ueRJCpoFmO,Airplane,Tue Jan 28 2020 17:36:38 GMT-0500 (GMT-05:00)
FrWdRK3k4m,Fixed Wing,Embraer E195-E2,null,Tue Jan 28 2020 20:33:37 GMT-0500 (GMT-05:00),Embraer,295,E295,ueRJCpoFmO,Airplane,Tue Jan 28 2020 17:36:38 GMT-0500 (GMT-05:00)
PIEz7qe3uL,Fixed Wing,Douglas DC-9-20,null,Tue Jan 28 2020 20:38:52 GMT-0500 (GMT-05:00),McDonnell Douglas,D92,DC92,zbBAGakQcN,Airplane,Tue Jan 28 2020 17:36:38 GMT-0500 (GMT-05:00)
l9Kzeul2gQ,Fixed Wing,Embraer Legacy 500 / Praetor 600,null,Tue Jan 28 2020 20:33:40 GMT-0500 (GMT-05:00),Embraer,N/A,E550,ueRJCpoFmO,Airplane,Tue Jan 28 2020 17:36:38 GMT-0500 (GMT-05:00)
8B7SBq1zSh,Rotary Wing,Eurocopter EC135 / EC635,null,Tue Jan 28 2020 20:34:40 GMT-0500 (GMT-05:00),Eurocopter,N/A,EC35,5lSUdoUKe0,Helicopter,Tue Jan 28 2020 17:36:38 GMT-0500 (GMT-05:00)
7Go1yWzEYi,Fixed Wing,Embraer RJ135,null,Tue Jan 28 2020 20:33:42 GMT-0500 (GMT-05:00),Embraer,ER3,E135,ueRJCpoFmO,Airplane,Tue Jan 28 2020 17:36:38 GMT-0500 (GMT-05:00)
Jv3Mnig6om,Fixed Wing,GippsAero GA8 Airvan,null,Tue Jan 28 2020 20:35:17 GMT-0500 (GMT-05:00),GippsAero,N/A,GA8,pAJAeeYcMm,Airplane,Tue Jan 28 2020 17:36:38 GMT-0500 (GMT-05:00)
9nRzKgqBZD,Fixed Wing,Douglas DC-9-40,null,Tue Jan 28 2020 20:38:54 GMT-0500 (GMT-05:00),McDonnell Douglas,D94,DC94,zbBAGakQcN,Airplane,Tue Jan 28 2020 17:36:38 GMT-0500 (GMT-05:00)
dniNg6xuQ4,Fixed Wing,Fairchild Dornier 328JET,null,Tue Jan 28 2020 20:31:10 GMT-0500 (GMT-05:00),Dornier Luftfahrt,FRJ,J328,0RLz0HsYTy,Airplane,Tue Jan 28 2020 17:36:38 GMT-0500 (GMT-05:00)
JB0XiYHWUW,Rotary Wing,Eurocopter AS350 ��cureuil / AS355 Ecureuil 2 / AS550 Fennec,null,Tue Jan 28 2020 20:34:39 GMT-0500 (GMT-05:00),Eurocopter,NDE,AS50,5lSUdoUKe0,Helicopter,Tue Jan 28 2020 17:36:38 GMT-0500 (GMT-05:00)
ag3Pah8aEp,Rotary Wing,Eurocopter AS332 Super Puma,null,Tue Jan 28 2020 20:34:38 GMT-0500 (GMT-05:00),Eurocopter,APH,AS32,5lSUdoUKe0,Helicopter,Tue Jan 28 2020 17:36:38 GMT-0500 (GMT-05:00)
ReYosXplTh,Fixed Wing,Embraer RJ140,null,Tue Jan 28 2020 20:33:43 GMT-0500 (GMT-05:00),Embraer,ERD,E135,ueRJCpoFmO,Airplane,Tue Jan 28 2020 17:36:38 GMT-0500 (GMT-05:00)
GbDuh7OWwf,Rotary Wing,Eurocopter (Aerospatiale) SA365C / SA365N Dauphin 2,null,Tue Jan 28 2020 20:34:37 GMT-0500 (GMT-05:00),Eurocopter,NDH,S65C,5lSUdoUKe0,Helicopter,Tue Jan 28 2020 17:36:38 GMT-0500 (GMT-05:00)
7VPz2VGAvP,Fixed Wing,Fokker F28 Fellowship,null,Tue Jan 28 2020 20:35:07 GMT-0500 (GMT-05:00),Fokker,F21,F28,Qp7H7JdhDr,Airplane,Tue Jan 28 2020 17:36:38 GMT-0500 (GMT-05:00)
BaNVqVw2gE,Fixed Wing,Embraer Phenom 100,null,Tue Jan 28 2020 20:33:41 GMT-0500 (GMT-05:00),Embraer,EP1,E50P,ueRJCpoFmO,Airplane,Tue Jan 28 2020 17:36:38 GMT-0500 (GMT-05:00)
6G1FnDCuyH,Fixed Wing,Fokker 100,null,Tue Jan 28 2020 20:35:02 GMT-0500 (GMT-05:00),Fokker,100,F100,Qp7H7JdhDr,Airplane,Tue Jan 28 2020 17:36:38 GMT-0500 (GMT-05:00)
ITFAxB0yyi,Fixed Wing,Gulfstream G280,null,Tue Jan 28 2020 20:35:43 GMT-0500 (GMT-05:00),Gulfstream,GR3,G280,DBckAmnnkI,Airplane,Tue Jan 28 2020 17:36:38 GMT-0500 (GMT-05:00)
6Db0R9jWCS,Fixed Wing,Douglas DC-8-62,null,Tue Jan 28 2020 20:38:53 GMT-0500 (GMT-05:00),McDonnell Douglas,D8L,DC86,zbBAGakQcN,Airplane,Tue Jan 28 2020 17:36:38 GMT-0500 (GMT-05:00)
drOdQkdq7v,Fixed Wing,Gulfstream Aerospace G-159 Gulfstream I,null,Tue Jan 28 2020 20:35:41 GMT-0500 (GMT-05:00),Gulfstream,GRS,G159,DBckAmnnkI,Airplane,Tue Jan 28 2020 17:36:38 GMT-0500 (GMT-05:00)
FJaw6XDnHq,Fixed Wing,Fairchild Dornier Do.328,null,Tue Jan 28 2020 20:31:11 GMT-0500 (GMT-05:00),Dornier Luftfahrt,D38,D328,0RLz0HsYTy,Airplane,Tue Jan 28 2020 17:36:38 GMT-0500 (GMT-05:00)
NL9tm9l7F9,Fixed Wing,Embraer 170,null,Tue Jan 28 2020 20:33:44 GMT-0500 (GMT-05:00),Embraer,E70,E170,ueRJCpoFmO,Airplane,Tue Jan 28 2020 17:36:38 GMT-0500 (GMT-05:00)
S5MzmcULLD,Fixed Wing,Fokker 70,null,Tue Jan 28 2020 20:35:03 GMT-0500 (GMT-05:00),Fokker,F70,F70,Qp7H7JdhDr,Airplane,Tue Jan 28 2020 17:36:38 GMT-0500 (GMT-05:00)
gP7oaBvrIG,Fixed Wing,EV-97 EuroStar / EV-97 Harmony,null,Tue Jan 28 2020 20:34:52 GMT-0500 (GMT-05:00),Evektor-Aerotechnik,N/A,EV97,RqxhrPIJkU,Airplane,Tue Jan 28 2020 17:36:38 GMT-0500 (GMT-05:00)
xRHKVxNhYq,Rotary Wing,Eurocopter EC225 Super Puma,null,Tue Jan 28 2020 20:34:41 GMT-0500 (GMT-05:00),Eurocopter,N/A,EC25,5lSUdoUKe0,Helicopter,Tue Jan 28 2020 17:36:38 GMT-0500 (GMT-05:00)
yFOcyWYdmP,Fixed Wing,Grumman G-21 Goose,null,Tue Jan 28 2020 20:35:32 GMT-0500 (GMT-05:00),Grumman,GRG,G21,PeDk7E8xjc,Airplane,Tue Jan 28 2020 17:36:38 GMT-0500 (GMT-05:00)
iyC2F5jWV7,Fixed Wing,Embraer 195,null,Tue Jan 28 2020 20:33:45 GMT-0500 (GMT-05:00),Embraer,E95,E195,ueRJCpoFmO,Airplane,Tue Jan 28 2020 17:36:38 GMT-0500 (GMT-05:00)
cwoK9XMXC6,Fixed Wing,Embraer Phenom 300,null,Tue Jan 28 2020 20:33:47 GMT-0500 (GMT-05:00),Embraer,EP3,E55P,ueRJCpoFmO,Airplane,Tue Jan 28 2020 17:36:38 GMT-0500 (GMT-05:00)
sfheaRFtYI,Fixed Wing,Gulfstream IV,null,Tue Jan 28 2020 20:35:43 GMT-0500 (GMT-05:00),Gulfstream,GJ4,GLF4,DBckAmnnkI,Airplane,Tue Jan 28 2020 17:36:38 GMT-0500 (GMT-05:00)
c0JlfvGThU,Fixed Wing,Hawker Siddeley HS 748,null,Tue Jan 28 2020 20:21:11 GMT-0500 (GMT-05:00),Avro International Aerospace,HS7,A748,EZLIJ3KIeJ,Airplane,Tue Jan 28 2020 17:36:38 GMT-0500 (GMT-05:00)
vKdDAxGG3n,Fixed Wing,Gulfstream/Rockwell (Aero) Turbo Commander,null,Tue Jan 28 2020 20:35:45 GMT-0500 (GMT-05:00),Gulfstream,ACT,AC90,DBckAmnnkI,Airplane,Tue Jan 28 2020 17:36:38 GMT-0500 (GMT-05:00)
jz6rilHVHl,Fixed Wing,Embraer Legacy 450 / Praetor 500,null,Tue Jan 28 2020 20:33:46 GMT-0500 (GMT-05:00),Embraer,N/A,E545,ueRJCpoFmO,Airplane,Tue Jan 28 2020 17:36:38 GMT-0500 (GMT-05:00)
n7D68uwJtF,Fixed Wing,Gulfstream/Rockwell (Aero) Commander,null,Tue Jan 28 2020 20:35:44 GMT-0500 (GMT-05:00),Gulfstream,ACP,AC68,DBckAmnnkI,Airplane,Tue Jan 28 2020 17:36:38 GMT-0500 (GMT-05:00)
iOiZuRwmFT,Fixed Wing,Embraer 175 (short wing),null,Tue Jan 28 2020 20:33:44 GMT-0500 (GMT-05:00),Embraer,E7W,E75S,ueRJCpoFmO,Airplane,Tue Jan 28 2020 17:36:38 GMT-0500 (GMT-05:00)
Kl8Em8VOuQ,Fixed Wing,Ilyushin IL62,null,Tue Jan 28 2020 20:37:03 GMT-0500 (GMT-05:00),Ilyushin,IL6,IL62,ue9Mjwc6Fl,Airplane,Tue Jan 28 2020 17:36:38 GMT-0500 (GMT-05:00)
fbG7cEq2sT,Fixed Wing,Ilyushin IL114,null,Tue Jan 28 2020 20:41:54 GMT-0500 (GMT-05:00),Russian Aircraft Corporation MiG,I14,I114,HF4EwhPN9W,Airplane,Tue Jan 28 2020 17:36:38 GMT-0500 (GMT-05:00)
AgSb7CWfGP,Fixed Wing,Junkers Ju 52/3M,null,Tue Jan 28 2020 20:37:29 GMT-0500 (GMT-05:00),Junkers,JU5,JU52,ahukFhbnkl,Airplane,Tue Jan 28 2020 17:36:38 GMT-0500 (GMT-05:00)
fA3FEVKe7l,Fixed Wing,Fokker F27 Friendship,null,Tue Jan 28 2020 20:35:08 GMT-0500 (GMT-05:00),Fokker,F27,F27,Qp7H7JdhDr,Airplane,Tue Jan 28 2020 17:36:38 GMT-0500 (GMT-05:00)
ty5GTuSZAL,Rotary Wing,Eurocopter EC145,null,Tue Jan 28 2020 20:34:43 GMT-0500 (GMT-05:00),Eurocopter,N/A,EC45,5lSUdoUKe0,Helicopter,Tue Jan 28 2020 17:36:38 GMT-0500 (GMT-05:00)
G73vPBMYS4,Fixed Wing,Fokker 50,null,Tue Jan 28 2020 20:35:09 GMT-0500 (GMT-05:00),Fokker,F50,F50,Qp7H7JdhDr,Airplane,Tue Jan 28 2020 17:36:38 GMT-0500 (GMT-05:00)
5rx49RJCBo,Fixed Wing,LET 410,null,Tue Jan 28 2020 20:38:03 GMT-0500 (GMT-05:00),Let Kunovice,L4T,L410,48rdGnc3bh,Airplane,Tue Jan 28 2020 17:36:38 GMT-0500 (GMT-05:00)
MlfiZkEj71,Fixed Wing,ICON A5,null,Tue Jan 28 2020 20:36:56 GMT-0500 (GMT-05:00),ICON,N/A,A5,nYA7ZRfSwq,Airplane,Tue Jan 28 2020 17:36:38 GMT-0500 (GMT-05:00)
IGAaKnBzyP,Fixed Wing,Evektor SportStar,null,Tue Jan 28 2020 20:34:54 GMT-0500 (GMT-05:00),Evektor-Aerotechnik,N/A,EVSS,RqxhrPIJkU,Airplane,Tue Jan 28 2020 17:36:38 GMT-0500 (GMT-05:00)
1bwtwOZF4V,Fixed Wing,Lockheed L-1049 Super Constellation,null,Tue Jan 28 2020 20:38:10 GMT-0500 (GMT-05:00),Lockheed Corporation,L49,CONI,ysRBZ6P42t,Airplane,Tue Jan 28 2020 17:36:38 GMT-0500 (GMT-05:00)
XB4ooJw7kJ,Fixed Wing,McDonnell Douglas MD-83,null,Tue Jan 28 2020 20:38:56 GMT-0500 (GMT-05:00),McDonnell Douglas,M83,MD83,zbBAGakQcN,Airplane,Tue Jan 28 2020 17:36:38 GMT-0500 (GMT-05:00)
qH1DBC3uVK,Fixed Wing,Fairchild Dornier Do.228,null,Tue Jan 28 2020 20:31:12 GMT-0500 (GMT-05:00),Dornier Luftfahrt,D28,D228,0RLz0HsYTy,Airplane,Tue Jan 28 2020 17:36:38 GMT-0500 (GMT-05:00)
2cKMXfLwpd,Fixed Wing,Ilyushin IL96,null,Tue Jan 28 2020 20:37:03 GMT-0500 (GMT-05:00),Ilyushin,I93,IL96,ue9Mjwc6Fl,Airplane,Tue Jan 28 2020 17:36:38 GMT-0500 (GMT-05:00)
NE5fdIUAGT,Fixed Wing,McDonnell Douglas MD-11,null,Tue Jan 28 2020 20:38:54 GMT-0500 (GMT-05:00),McDonnell Douglas,M11,MD11,zbBAGakQcN,Airplane,Tue Jan 28 2020 17:36:38 GMT-0500 (GMT-05:00)
YhoYIPHdPm,Fixed Wing,Embraer Lineage 1000,null,Tue Jan 28 2020 20:33:49 GMT-0500 (GMT-05:00),Embraer,E90,E190,ueRJCpoFmO,Airplane,Tue Jan 28 2020 17:36:38 GMT-0500 (GMT-05:00)
1aLTOVSNLw,Fixed Wing,Embraer EMB 110 Bandeirante,null,Tue Jan 28 2020 20:33:48 GMT-0500 (GMT-05:00),Embraer,EMB,E110,ueRJCpoFmO,Airplane,Tue Jan 28 2020 17:36:38 GMT-0500 (GMT-05:00)
pJ501AIZbe,Rotary Wing,Eurocopter (MBB) Bo.105,null,Tue Jan 28 2020 20:34:42 GMT-0500 (GMT-05:00),Eurocopter,MBH,B105,5lSUdoUKe0,Helicopter,Tue Jan 28 2020 17:36:38 GMT-0500 (GMT-05:00)
6gQnrzcMHg,Fixed Wing,Embraer RJ145,null,Tue Jan 28 2020 20:33:50 GMT-0500 (GMT-05:00),Embraer,ER4,E145,ueRJCpoFmO,Airplane,Tue Jan 28 2020 17:36:38 GMT-0500 (GMT-05:00)
mGwshATsJ8,Rotary Wing,Eurocopter EC120 Colibri / Harbin HC120,null,Tue Jan 28 2020 20:34:44 GMT-0500 (GMT-05:00),Eurocopter,N/A,EC20,5lSUdoUKe0,Helicopter,Tue Jan 28 2020 17:36:38 GMT-0500 (GMT-05:00)
czFeHOKYtI,Fixed Wing,Grumman G-73 Turbo Mallard,null,Tue Jan 28 2020 20:35:33 GMT-0500 (GMT-05:00),Grumman,GRM,G73T,PeDk7E8xjc,Airplane,Tue Jan 28 2020 17:36:38 GMT-0500 (GMT-05:00)
HEyy9Kkh1A,Fixed Wing,Gulfstream V,null,Tue Jan 28 2020 20:35:46 GMT-0500 (GMT-05:00),Gulfstream,GJ5,GLF5,DBckAmnnkI,Airplane,Tue Jan 28 2020 17:36:38 GMT-0500 (GMT-05:00)
ryna1VGXo6,Fixed Wing,Harbin Yunshuji Y12,null,Tue Jan 28 2020 20:36:14 GMT-0500 (GMT-05:00),Harbin Aircraft Industry Group,YN2,Y12,uVGSdMBQ7q,Airplane,Tue Jan 28 2020 17:36:38 GMT-0500 (GMT-05:00)
hmoFyUp59k,Rotary Wing,Mil Mi-24 / Mi-25 / Mi-35,null,Tue Jan 28 2020 20:39:28 GMT-0500 (GMT-05:00),Mil Moscow Helicopter Plant,N/A,MI24,31sWGCrBvd,Helicopter,Tue Jan 28 2020 17:36:38 GMT-0500 (GMT-05:00)
qHpNT3ybkL,Fixed Wing,Ilyushin IL86,null,Tue Jan 28 2020 20:37:04 GMT-0500 (GMT-05:00),Ilyushin,ILW,IL86,ue9Mjwc6Fl,Airplane,Tue Jan 28 2020 17:36:38 GMT-0500 (GMT-05:00)
r666NpNDOb,Fixed Wing,Gulfstream G650,null,Tue Jan 28 2020 20:35:47 GMT-0500 (GMT-05:00),Gulfstream,GJ6,GLF6,DBckAmnnkI,Airplane,Tue Jan 28 2020 17:36:38 GMT-0500 (GMT-05:00)
ZNAL1zoTm5,Fixed Wing,Government Aircraft Factories N22B / N24A Nomad,null,Tue Jan 28 2020 20:35:25 GMT-0500 (GMT-05:00),Government Aircraft Factories,CD2,NOMA,R7AG30vDbv,Airplane,Tue Jan 28 2020 17:36:38 GMT-0500 (GMT-05:00)
EORFMUF3vF,Fixed Wing,Ilyushin IL76,null,Tue Jan 28 2020 20:37:05 GMT-0500 (GMT-05:00),Ilyushin,IL7,IL76,ue9Mjwc6Fl,Airplane,Tue Jan 28 2020 17:36:38 GMT-0500 (GMT-05:00)
Ou23sKXYiI,Fixed Wing,McDonnell Douglas MD-11F,null,Tue Jan 28 2020 20:38:57 GMT-0500 (GMT-05:00),McDonnell Douglas,M1F,MD11,zbBAGakQcN,Airplane,Tue Jan 28 2020 17:36:38 GMT-0500 (GMT-05:00)
ysT9XRKgy8,Fixed Wing,Honda HA-420,null,Tue Jan 28 2020 20:36:34 GMT-0500 (GMT-05:00),Honda,N/A,HDJT,DfrdTMUF2Q,Airplane,Tue Jan 28 2020 17:36:38 GMT-0500 (GMT-05:00)
X5ccbnE6gH,Fixed Wing,Mitsubishi Mu-2,null,Tue Jan 28 2020 20:40:53 GMT-0500 (GMT-05:00),Mitsubishi,MU2,MU2,K42zCHFKme,Airplane,Tue Jan 28 2020 17:36:38 GMT-0500 (GMT-05:00)
xIjrRuD1hw,Fixed Wing,Piper PA-28 (above 200��hp),null,Tue Jan 28 2020 20:41:28 GMT-0500 (GMT-05:00),Piper Aircraft,N/A,P28B,8q2efOAmiB,Airplane,Tue Jan 28 2020 17:36:38 GMT-0500 (GMT-05:00)
Tu9LrXGnFL,Fixed Wing,Israel Aircraft Industries 1124 Westwind,null,Tue Jan 28 2020 20:37:22 GMT-0500 (GMT-05:00),Israel Aircraft Industries,WWP,WW24,2RRgKWBwtm,Airplane,Tue Jan 28 2020 17:36:38 GMT-0500 (GMT-05:00)
afMSmXcf2H,Fixed Wing,Lockheed L-182 / 282 / 382 (L-100) Hercules,null,Tue Jan 28 2020 20:38:12 GMT-0500 (GMT-05:00),Lockheed Corporation,LOH,C130,ysRBZ6P42t,Airplane,Tue Jan 28 2020 17:36:38 GMT-0500 (GMT-05:00)
g3vtBDApvZ,Fixed Wing,Piaggio P.180 Avanti,null,Tue Jan 28 2020 20:41:09 GMT-0500 (GMT-05:00),Piaggio Aero,N/A,P180,eAmTmGEEcG,Airplane,Tue Jan 28 2020 17:36:38 GMT-0500 (GMT-05:00)
o8wAsqQfkj,Fixed Wing,Ilyushin IL18,null,Tue Jan 28 2020 20:37:06 GMT-0500 (GMT-05:00),Ilyushin,IL8,IL18,ue9Mjwc6Fl,Airplane,Tue Jan 28 2020 17:36:38 GMT-0500 (GMT-05:00)
i0QgruuEoy,Fixed Wing,Learjet 35 / 36 / C-21A,null,Tue Jan 28 2020 20:37:37 GMT-0500 (GMT-05:00),Learjet,LRJ,LJ35,nat7WePZrz,Airplane,Tue Jan 28 2020 17:36:38 GMT-0500 (GMT-05:00)
Gete2t5dFi,Fixed Wing,McDonnell Douglas MD-88,null,Tue Jan 28 2020 20:39:01 GMT-0500 (GMT-05:00),McDonnell Douglas,M88,MD88,zbBAGakQcN,Airplane,Tue Jan 28 2020 17:36:38 GMT-0500 (GMT-05:00)
wr6GtkbuNq,Fixed Wing,McDonnell Douglas MD-11C,null,Tue Jan 28 2020 20:39:02 GMT-0500 (GMT-05:00),McDonnell Douglas,M1M,MD11,zbBAGakQcN,Airplane,Tue Jan 28 2020 17:36:38 GMT-0500 (GMT-05:00)
xoWFDIHDLC,Fixed Wing,Learjet 60,null,Tue Jan 28 2020 20:37:45 GMT-0500 (GMT-05:00),Learjet,LRJ,LJ60,nat7WePZrz,Airplane,Tue Jan 28 2020 17:36:38 GMT-0500 (GMT-05:00)
61g5Tp9tE5,Fixed Wing,Pipistrel Sinus,null,Tue Jan 28 2020 20:41:41 GMT-0500 (GMT-05:00),Pipistrel,N/A,PISI,PWtYShEr8i,Airplane,Tue Jan 28 2020 17:36:38 GMT-0500 (GMT-05:00)
sT575Zrw30,Fixed Wing,Lockheed L-1011 Tristar,null,Tue Jan 28 2020 20:38:14 GMT-0500 (GMT-05:00),Lockheed Corporation,L10,L101,ysRBZ6P42t,Airplane,Tue Jan 28 2020 17:36:38 GMT-0500 (GMT-05:00)
P1OTujpMMi,Fixed Wing,Pilatus Britten-Norman BN-2A/B Islander,null,Tue Jan 28 2020 20:27:55 GMT-0500 (GMT-05:00),Britten-Norman,BNI,BN2P,v9L1lfGUy5,Airplane,Tue Jan 28 2020 17:36:38 GMT-0500 (GMT-05:00)
NxoZ9jhGWX,Fixed Wing,Piper PA-31 Navajo,null,Tue Jan 28 2020 20:41:29 GMT-0500 (GMT-05:00),Piper Aircraft,PA2,PA31,8q2efOAmiB,Airplane,Tue Jan 28 2020 17:36:38 GMT-0500 (GMT-05:00)
2JInfEVGbu,Fixed Wing,McDonnell Douglas MD-87,null,Tue Jan 28 2020 20:39:04 GMT-0500 (GMT-05:00),McDonnell Douglas,M87,MD87,zbBAGakQcN,Airplane,Tue Jan 28 2020 17:36:38 GMT-0500 (GMT-05:00)
duDQpjBam5,Fixed Wing,Lockheed L-188 Electra,null,Tue Jan 28 2020 20:38:17 GMT-0500 (GMT-05:00),Lockheed Corporation,LOE,L188,ysRBZ6P42t,Airplane,Tue Jan 28 2020 17:36:38 GMT-0500 (GMT-05:00)
RKNnT2hH8B,Fixed Wing,NAMC YS-11,null,Tue Jan 28 2020 20:41:02 GMT-0500 (GMT-05:00),Nihon Aircraft Manufacturing Corporation,YS1,YS11,fgUOqZ1MJ2,Airplane,Tue Jan 28 2020 17:36:38 GMT-0500 (GMT-05:00)
slFOyAnjDy,Rotary Wing,MIL Mi-8 / Mi-17 / Mi-171 / Mil-172,null,Tue Jan 28 2020 20:40:44 GMT-0500 (GMT-05:00),Mil Moscow Helicopter Plant,MIH,MI8,31sWGCrBvd,Helicopter,Tue Jan 28 2020 17:36:38 GMT-0500 (GMT-05:00)
PYSno3v3CV,Fixed Wing,McDonnell Douglas MD-81,null,Tue Jan 28 2020 20:39:04 GMT-0500 (GMT-05:00),McDonnell Douglas,M81,MD81,zbBAGakQcN,Airplane,Tue Jan 28 2020 17:36:38 GMT-0500 (GMT-05:00)
HErqoU6BPm,Fixed Wing,Pilatus Britten-Norman BN-2A Mk III Trislander,null,Tue Jan 28 2020 20:28:00 GMT-0500 (GMT-05:00),Britten-Norman,BNT,TRIS,v9L1lfGUy5,Airplane,Tue Jan 28 2020 17:36:38 GMT-0500 (GMT-05:00)
ZIgxAhAuzs,Fixed Wing,McDonnell Douglas MD-90,null,Tue Jan 28 2020 20:39:05 GMT-0500 (GMT-05:00),McDonnell Douglas,M90,MD90,zbBAGakQcN,Airplane,Tue Jan 28 2020 17:36:38 GMT-0500 (GMT-05:00)
Xit9xPBkWR,Fixed Wing,Piper PA-44 Seminole,null,Tue Jan 28 2020 20:41:32 GMT-0500 (GMT-05:00),Piper Aircraft,N/A,PA44,8q2efOAmiB,Airplane,Tue Jan 28 2020 17:36:38 GMT-0500 (GMT-05:00)
idnZWD0nRB,Fixed Wing,McDonnell Douglas MD-82,null,Tue Jan 28 2020 20:39:07 GMT-0500 (GMT-05:00),McDonnell Douglas,M82,MD82,zbBAGakQcN,Airplane,Tue Jan 28 2020 17:36:38 GMT-0500 (GMT-05:00)
mlkqdrSPDY,Fixed Wing,Pilatus PC-12,null,Tue Jan 28 2020 20:41:19 GMT-0500 (GMT-05:00),Pilatus Aircraft,PL2,PC12,zneYgtb337,Airplane,Tue Jan 28 2020 17:36:38 GMT-0500 (GMT-05:00)
EstjATBzse,Fixed Wing,Partenavia P.68,null,Tue Jan 28 2020 20:43:57 GMT-0500 (GMT-05:00),Vulcanair,PN6,P68,nPltHNZtEC,Airplane,Tue Jan 28 2020 17:36:38 GMT-0500 (GMT-05:00)
5ans4nVWmL,Rotary Wing,MD Helicopters MD900 Explorer,null,Tue Jan 28 2020 20:38:25 GMT-0500 (GMT-05:00),MD Helicopters,MD9,EXPL,fSB6qvn35h,Helicopter,Tue Jan 28 2020 17:36:38 GMT-0500 (GMT-05:00)
MZApSQ8k32,Fixed Wing,Piper PA-28 (up to 180��hp),null,Tue Jan 28 2020 20:41:31 GMT-0500 (GMT-05:00),Piper Aircraft,N/A,P28A,8q2efOAmiB,Airplane,Tue Jan 28 2020 17:36:38 GMT-0500 (GMT-05:00)
xUV3zKtWmV,Fixed Wing,Pilatus PC-6 Turbo Porter,null,Tue Jan 28 2020 20:41:21 GMT-0500 (GMT-05:00),Pilatus Aircraft,PL6,PC6T,zneYgtb337,Airplane,Tue Jan 28 2020 17:36:38 GMT-0500 (GMT-05:00)
5bnyYhAiCG,Fixed Wing,Piper PA-46,null,Tue Jan 28 2020 20:41:33 GMT-0500 (GMT-05:00),Piper Aircraft,PAG,PA46,8q2efOAmiB,Airplane,Tue Jan 28 2020 17:36:38 GMT-0500 (GMT-05:00)
UE9TDYiMN8,Fixed Wing,Shorts SC-5 Belfast,null,Tue Jan 28 2020 20:42:09 GMT-0500 (GMT-05:00),Short Brothers,SHB,BELF,2KIYN4WCnr,Airplane,Tue Jan 28 2020 17:36:38 GMT-0500 (GMT-05:00)
AGMwrhz6mw,Fixed Wing,Pipistrel Virus,null,Tue Jan 28 2020 20:41:43 GMT-0500 (GMT-05:00),Pipistrel,N/A,PIVI,PWtYShEr8i,Airplane,Tue Jan 28 2020 17:36:38 GMT-0500 (GMT-05:00)
o9H2vPJBdQ,Fixed Wing,Robin ATL,null,Tue Jan 28 2020 20:20:26 GMT-0500 (GMT-05:00),Avions Robin,ATL,ATL,m8O2sVnuCW,Airplane,Tue Jan 28 2020 17:36:38 GMT-0500 (GMT-05:00)
JKmUUHZ00r,Fixed Wing,Saab SF340A/B,null,Tue Jan 28 2020 20:42:01 GMT-0500 (GMT-05:00),Saab,SF3,SF34,YmOKxCZLwP,Airplane,Tue Jan 28 2020 17:36:38 GMT-0500 (GMT-05:00)
2owrG8RJbq,Fixed Wing,Reims-Cessna F406 Caravan II,null,Tue Jan 28 2020 20:28:47 GMT-0500 (GMT-05:00),Cessna,CNT,F406,JD1ztm5wOc,Airplane,Tue Jan 28 2020 17:36:38 GMT-0500 (GMT-05:00)
zN1D30gJmg,Fixed Wing,Shorts SC-7 Skyvan,null,Tue Jan 28 2020 20:42:10 GMT-0500 (GMT-05:00),Short Brothers,SHS,SC7,2KIYN4WCnr,Airplane,Tue Jan 28 2020 17:36:38 GMT-0500 (GMT-05:00)
mNg5iWfl19,Fixed Wing,Pipistrel Taurus,null,Tue Jan 28 2020 20:41:46 GMT-0500 (GMT-05:00),Pipistrel,N/A,PITA,PWtYShEr8i,Airplane,Tue Jan 28 2020 17:36:38 GMT-0500 (GMT-05:00)
7xE2aIgF4q,Fixed Wing,Tecnam P2002 Sierra,null,Tue Jan 28 2020 20:43:19 GMT-0500 (GMT-05:00),Tecnam,N/A,SIRA,vSet1TOLEs,Airplane,Tue Jan 28 2020 17:36:38 GMT-0500 (GMT-05:00)
Rw7GupgBEH,Rotary Wing,Sikorsky S-58T,null,Tue Jan 28 2020 20:42:22 GMT-0500 (GMT-05:00),Sikorsky,S58,S58T,2nums1uWWN,Helicopter,Tue Jan 28 2020 17:36:38 GMT-0500 (GMT-05:00)
Kh9F8EpuX5,Fixed Wing,Tupolev Tu-154,null,Tue Jan 28 2020 20:43:39 GMT-0500 (GMT-05:00),Tupolev,TU5,T154,xSJKNvHqg8,Airplane,Tue Jan 28 2020 17:36:38 GMT-0500 (GMT-05:00)
A6Lj7Xvp9p,Fixed Wing,"Robin HR200/R2000 series, Alpha160A",null,Tue Jan 28 2020 20:20:28 GMT-0500 (GMT-05:00),Avions Robin,N/A,R200,m8O2sVnuCW,Airplane,Tue Jan 28 2020 17:36:38 GMT-0500 (GMT-05:00)
XZsCRk45LT,Fixed Wing,Team Rocket F1,null,Tue Jan 28 2020 20:43:12 GMT-0500 (GMT-05:00),Team Rocket,N/A,TRF1,q5mlIDOZVV,Airplane,Tue Jan 28 2020 17:36:38 GMT-0500 (GMT-05:00)
VaJ2MpA2Ch,Rotary Wing,Sikorsky S-76,null,Tue Jan 28 2020 20:42:26 GMT-0500 (GMT-05:00),Sikorsky,S76,S76,2nums1uWWN,Helicopter,Tue Jan 28 2020 17:36:38 GMT-0500 (GMT-05:00)
RAz1XVVl6Q,Fixed Wing,Tecnam P92 Echo / P92 Eaglet / P92 SeaSky,null,Tue Jan 28 2020 20:43:24 GMT-0500 (GMT-05:00),Tecnam,N/A,ECHO,vSet1TOLEs,Airplane,Tue Jan 28 2020 17:36:38 GMT-0500 (GMT-05:00)
8udFVkDyuQ,Rotary Wing,Sikorsky S-61,null,Tue Jan 28 2020 20:42:25 GMT-0500 (GMT-05:00),Sikorsky,S61,S61,2nums1uWWN,Helicopter,Tue Jan 28 2020 17:36:38 GMT-0500 (GMT-05:00)
zzfOoB3PH3,Fixed Wing,Tecnam P2010,null,Tue Jan 28 2020 20:43:23 GMT-0500 (GMT-05:00),Tecnam,N/A,TWEN,vSet1TOLEs,Airplane,Tue Jan 28 2020 17:36:38 GMT-0500 (GMT-05:00)
uv4YwESH5B,Fixed Wing,Yakovlev Yak-42,null,Tue Jan 28 2020 20:44:00 GMT-0500 (GMT-05:00),Yakovlev,YK2,YK42,7JLGUZvySY,Airplane,Tue Jan 28 2020 17:36:38 GMT-0500 (GMT-05:00)
Slqjs1JLq9,Fixed Wing,Sukhoi Superjet 100-95,null,Tue Jan 28 2020 20:42:57 GMT-0500 (GMT-05:00),Sukhoi,SU9,SU95,39QhRiHjDA,Airplane,Tue Jan 28 2020 17:36:38 GMT-0500 (GMT-05:00)
VR07Nw6S9u,Fixed Wing,Tupolev Tu-134,null,Tue Jan 28 2020 20:43:39 GMT-0500 (GMT-05:00),Tupolev,TU3,T134,xSJKNvHqg8,Airplane,Tue Jan 28 2020 17:36:38 GMT-0500 (GMT-05:00)
Ru69GzVbVP,Fixed Wing,Tecnam P2012 Traveller,null,Tue Jan 28 2020 20:43:28 GMT-0500 (GMT-05:00),Tecnam,T12,P212,vSet1TOLEs,Airplane,Tue Jan 28 2020 17:36:38 GMT-0500 (GMT-05:00)
sHCAL9DeZN,Fixed Wing,Saab 2000,null,Tue Jan 28 2020 20:42:02 GMT-0500 (GMT-05:00),Saab,S20,SB20,YmOKxCZLwP,Airplane,Tue Jan 28 2020 17:36:38 GMT-0500 (GMT-05:00)
L4dt5tmu4p,Fixed Wing,Tupolev Tu-144,null,Tue Jan 28 2020 20:43:40 GMT-0500 (GMT-05:00),Tupolev,N/A,T144,xSJKNvHqg8,Airplane,Tue Jan 28 2020 17:36:38 GMT-0500 (GMT-05:00)
SMy0DdE8Zh,Fixed Wing,Shorts SD.330,null,Tue Jan 28 2020 20:42:11 GMT-0500 (GMT-05:00),Short Brothers,SH3,SH33,2KIYN4WCnr,Airplane,Tue Jan 28 2020 17:36:38 GMT-0500 (GMT-05:00)
tI5Vrs3rrb,Fixed Wing,Shorts SD.360,null,Tue Jan 28 2020 20:42:13 GMT-0500 (GMT-05:00),Short Brothers,SH6,SH36,2KIYN4WCnr,Airplane,Tue Jan 28 2020 17:36:38 GMT-0500 (GMT-05:00)
MRBFJNCJbm,Rotary Wing,Sikorsky S-92,null,Tue Jan 28 2020 20:42:29 GMT-0500 (GMT-05:00),Sikorsky,S92,S92,2nums1uWWN,Helicopter,Tue Jan 28 2020 17:36:38 GMT-0500 (GMT-05:00)
qA0LIQRjTN,Fixed Wing,Socata TB-20 Trinidad,null,Tue Jan 28 2020 20:42:49 GMT-0500 (GMT-05:00),Socata,N/A,TB20,Mr0agrOFIW,Airplane,Tue Jan 28 2020 17:36:38 GMT-0500 (GMT-05:00)
LPR0CIFibR,Fixed Wing,Tecnam P2006T,null,Tue Jan 28 2020 20:43:29 GMT-0500 (GMT-05:00),Tecnam,N/A,P06T,vSet1TOLEs,Airplane,Tue Jan 28 2020 17:36:38 GMT-0500 (GMT-05:00)
0tDCN8yN1z,Fixed Wing,Tecnam P2008,null,Tue Jan 28 2020 20:43:31 GMT-0500 (GMT-05:00),Tecnam,N/A,P208,vSet1TOLEs,Airplane,Tue Jan 28 2020 17:36:38 GMT-0500 (GMT-05:00)
6EepAjH4Uf,Fixed Wing,Tecnam P96,null,Tue Jan 28 2020 20:43:29 GMT-0500 (GMT-05:00),Tecnam,N/A,GOLF,vSet1TOLEs,Airplane,Tue Jan 28 2020 17:36:38 GMT-0500 (GMT-05:00)
PyZMwC2JDj,Fixed Wing,Tupolev Tu-204 / Tu-214,null,Tue Jan 28 2020 20:43:48 GMT-0500 (GMT-05:00),Tupolev,T20,T204,xSJKNvHqg8,Airplane,Tue Jan 28 2020 17:36:38 GMT-0500 (GMT-05:00)
hI1dI7qyFM,Fixed Wing,TL Ultralight TL-96 Star / TL-2000 Sting,null,Tue Jan 28 2020 20:43:04 GMT-0500 (GMT-05:00),TL Ultralight,N/A,TL20,7OwMTAwmlY,Airplane,Tue Jan 28 2020 17:36:38 GMT-0500 (GMT-05:00)
dByeCUEOd5,Fixed Wing,Yakovlev Yak-40,null,Tue Jan 28 2020 20:43:59 GMT-0500 (GMT-05:00),Yakovlev,YK4,YK40,7JLGUZvySY,Airplane,Tue Jan 28 2020 17:36:38 GMT-0500 (GMT-05:00)
